shipment_id,product_id,warehouse_id,scheduled_date,planned_pallet_quantity,actual_pallet_quantity,shipment_type,shipment_status
SHP-00000001,PRD-00168,WH-WEST,2026-06-04,4,2,OUTBOUND,COMPLETED
SHP-00000002,PRD-00091,WH-EAST,2026-07-23,11,9,INBOUND,COMPLETED
SHP-00000003,PRD-00200,WH-WEST,2026-07-15,38,38,INBOUND,COMPLETED
SHP-00000004,PRD-00169,WH-EAST,2026-08-21,52,,INBOUND,DELAYED
SHP-00000005,PRD-00151,WH-WEST,2026-06-09,33,35,OUTBOUND,COMPLETED
SHP-00000006,PRD-00176,WH-WEST,2026-05-12,8,9,OUTBOUND,COMPLETED
SHP-00000007,PRD-00107,WH-CENTRAL,2026-06-19,54,,INBOUND,CANCELLED
SHP-00000008,PRD-00082,WH-EAST,2026-06-17,30,30,OUTBOUND,COMPLETED
SHP-00000009,PRD-00145,WH-WEST,2026-10-19,37,,OUTBOUND,SCHEDULED
SHP-00000010,PRD-00014,WH-WEST,2026-07-05,46,45,OUTBOUND,COMPLETED
SHP-00000011,PRD-00093,WH-EAST,2026-07-08,21,21,OUTBOUND,COMPLETED
SHP-00000012,PRD-00151,WH-EAST,2026-07-17,34,32,OUTBOUND,COMPLETED
SHP-00000013,PRD-00012,WH-EAST,2026-09-10,40,,INBOUND,SCHEDULED
SHP-00000014,PRD-00197,WH-WEST,2026-05-28,48,46,OUTBOUND,COMPLETED
SHP-00000015,PRD-00010,WH-WEST,2026-08-05,20,,INBOUND,SCHEDULED
SHP-00000016,PRD-00052,WH-EAST,2026-05-07,50,50,INBOUND,COMPLETED
SHP-00000017,PRD-00034,WH-EAST,2026-07-06,54,55,INBOUND,COMPLETED
SHP-00000018,PRD-00084,WH-CENTRAL,2026-05-26,32,29,INBOUND,COMPLETED
SHP-00000019,PRD-00122,WH-EAST,2026-07-25,9,10,INBOUND,COMPLETED
SHP-00000020,PRD-00131,WH-CENTRAL,2026-05-08,30,29,INBOUND,COMPLETED
SHP-00000021,PRD-00194,WH-WEST,2026-10-01,24,,OUTBOUND,CANCELLED
SHP-00000022,PRD-00038,WH-CENTRAL,2026-07-02,23,23,OUTBOUND,COMPLETED
SHP-00000023,PRD-00179,WH-EAST,2026-05-11,18,19,OUTBOUND,COMPLETED
SHP-00000024,PRD-00153,WH-WEST,2026-04-10,42,42,INBOUND,COMPLETED
SHP-00000025,PRD-00105,WH-EAST,2026-10-10,21,,OUTBOUND,SCHEDULED
SHP-00000026,PRD-00050,WH-CENTRAL,2026-05-16,40,40,OUTBOUND,COMPLETED
SHP-00000027,PRD-00053,WH-WEST,2026-08-08,39,,OUTBOUND,SCHEDULED
SHP-00000028,PRD-00056,WH-CENTRAL,2026-08-17,4,,INBOUND,SCHEDULED
SHP-00000029,PRD-00009,WH-EAST,2026-04-13,10,11,OUTBOUND,COMPLETED
SHP-00000030,PRD-00134,WH-EAST,2026-08-31,19,,OUTBOUND,SCHEDULED
SHP-00000031,PRD-00064,WH-WEST,2026-05-05,52,54,INBOUND,COMPLETED
SHP-00000032,PRD-00021,WH-WEST,2026-08-28,17,,INBOUND,SCHEDULED
SHP-00000033,PRD-00054,WH-WEST,2026-06-24,47,48,OUTBOUND,COMPLETED
SHP-00000034,PRD-00144,WH-EAST,2026-08-04,16,,INBOUND,SCHEDULED
SHP-00000035,PRD-00146,WH-CENTRAL,2026-10-02,6,,INBOUND,SCHEDULED
SHP-00000036,PRD-00120,WH-EAST,2026-04-11,19,17,OUTBOUND,COMPLETED
SHP-00000037,PRD-00120,WH-WEST,2026-10-03,7,,INBOUND,CANCELLED
SHP-00000038,PRD-00159,WH-CENTRAL,2026-08-15,36,,INBOUND,SCHEDULED
SHP-00000039,PRD-00096,WH-CENTRAL,2026-04-11,51,51,INBOUND,COMPLETED
SHP-00000040,PRD-00185,WH-WEST,2026-10-09,8,,OUTBOUND,SCHEDULED
SHP-00000041,PRD-00054,WH-CENTRAL,2026-05-03,24,21,OUTBOUND,COMPLETED
SHP-00000042,PRD-00118,WH-EAST,2026-09-14,14,,INBOUND,SCHEDULED
SHP-00000043,PRD-00010,WH-CENTRAL,2026-06-17,44,,OUTBOUND,CANCELLED
SHP-00000044,PRD-00047,WH-CENTRAL,2026-08-13,23,,OUTBOUND,SCHEDULED
SHP-00000045,PRD-00101,WH-WEST,2026-04-13,13,14,OUTBOUND,COMPLETED
SHP-00000046,PRD-00137,WH-CENTRAL,2026-09-18,36,,INBOUND,SCHEDULED
SHP-00000047,PRD-00176,WH-WEST,2026-05-21,26,26,INBOUND,COMPLETED
SHP-00000048,PRD-00108,WH-CENTRAL,2026-10-14,48,,OUTBOUND,DELAYED
SHP-00000049,PRD-00118,WH-WEST,2026-08-16,52,,INBOUND,SCHEDULED
SHP-00000050,PRD-00117,WH-CENTRAL,2026-08-04,15,,OUTBOUND,SCHEDULED
SHP-00000051,PRD-00030,WH-WEST,2026-07-02,38,37,INBOUND,COMPLETED
SHP-00000052,PRD-00155,WH-EAST,2026-06-16,26,26,OUTBOUND,COMPLETED
SHP-00000053,PRD-00002,WH-WEST,2026-04-03,14,16,INBOUND,COMPLETED
SHP-00000054,PRD-00041,WH-EAST,2026-05-30,26,27,OUTBOUND,COMPLETED
SHP-00000055,PRD-00196,WH-WEST,2026-05-01,18,20,INBOUND,COMPLETED
SHP-00000056,PRD-00051,WH-CENTRAL,2026-08-02,33,,OUTBOUND,SCHEDULED
SHP-00000057,PRD-00146,WH-WEST,2026-06-13,8,5,INBOUND,COMPLETED
SHP-00000058,PRD-00197,WH-CENTRAL,2026-08-31,23,,INBOUND,SCHEDULED
SHP-00000059,PRD-00029,WH-EAST,2026-08-29,4,,INBOUND,DELAYED
SHP-00000060,PRD-00147,WH-CENTRAL,2026-07-05,49,49,INBOUND,COMPLETED
SHP-00000061,PRD-00109,WH-WEST,2026-09-23,46,,OUTBOUND,SCHEDULED
SHP-00000062,PRD-00131,WH-EAST,2026-04-06,18,19,OUTBOUND,COMPLETED
SHP-00000063,PRD-00155,WH-WEST,2026-06-01,21,23,INBOUND,COMPLETED
SHP-00000064,PRD-00182,WH-WEST,2026-08-05,3,,OUTBOUND,SCHEDULED
SHP-00000065,PRD-00051,WH-CENTRAL,2026-10-20,21,,OUTBOUND,SCHEDULED
SHP-00000066,PRD-00001,WH-EAST,2026-04-28,13,13,INBOUND,COMPLETED
SHP-00000067,PRD-00037,WH-EAST,2026-06-22,53,50,INBOUND,COMPLETED
SHP-00000068,PRD-00039,WH-CENTRAL,2026-09-17,49,,INBOUND,SCHEDULED
SHP-00000069,PRD-00069,WH-CENTRAL,2026-06-26,47,47,OUTBOUND,COMPLETED
SHP-00000070,PRD-00079,WH-CENTRAL,2026-10-18,30,,INBOUND,SCHEDULED
SHP-00000071,PRD-00008,WH-WEST,2026-04-27,4,2,INBOUND,COMPLETED
SHP-00000072,PRD-00024,WH-EAST,2026-08-19,12,,INBOUND,SCHEDULED
SHP-00000073,PRD-00003,WH-WEST,2026-10-11,23,,INBOUND,SCHEDULED
SHP-00000074,PRD-00033,WH-EAST,2026-09-23,29,,INBOUND,SCHEDULED
SHP-00000075,PRD-00024,WH-CENTRAL,2026-08-07,13,,INBOUND,SCHEDULED
SHP-00000076,PRD-00020,WH-WEST,2026-08-07,42,,INBOUND,SCHEDULED
SHP-00000077,PRD-00023,WH-WEST,2026-10-11,17,,INBOUND,SCHEDULED
SHP-00000078,PRD-00099,WH-WEST,2026-09-14,23,,OUTBOUND,SCHEDULED
SHP-00000079,PRD-00003,WH-EAST,2026-09-16,12,,INBOUND,SCHEDULED
SHP-00000080,PRD-00158,WH-CENTRAL,2026-10-14,31,,OUTBOUND,SCHEDULED
SHP-00000081,PRD-00119,WH-EAST,2026-09-14,27,,INBOUND,SCHEDULED
SHP-00000082,PRD-00047,WH-EAST,2026-05-22,31,29,OUTBOUND,COMPLETED
SHP-00000083,PRD-00173,WH-EAST,2026-07-26,42,43,INBOUND,COMPLETED
SHP-00000084,PRD-00074,WH-WEST,2026-04-10,46,47,OUTBOUND,COMPLETED
SHP-00000085,PRD-00136,WH-WEST,2026-06-01,46,46,INBOUND,COMPLETED
SHP-00000086,PRD-00197,WH-CENTRAL,2026-07-28,26,25,OUTBOUND,COMPLETED
SHP-00000087,PRD-00187,WH-EAST,2026-07-05,21,,OUTBOUND,CANCELLED
SHP-00000088,PRD-00155,WH-CENTRAL,2026-08-30,37,,OUTBOUND,SCHEDULED
SHP-00000089,PRD-00116,WH-WEST,2026-05-02,32,33,OUTBOUND,COMPLETED
SHP-00000090,PRD-00107,WH-WEST,2026-06-16,40,42,OUTBOUND,COMPLETED
SHP-00000091,PRD-00052,WH-CENTRAL,2026-08-07,41,,OUTBOUND,SCHEDULED
SHP-00000092,PRD-00071,WH-WEST,2026-08-29,40,,OUTBOUND,DELAYED
SHP-00000093,PRD-00167,WH-EAST,2026-09-22,17,,OUTBOUND,SCHEDULED
SHP-00000094,PRD-00022,WH-CENTRAL,2026-05-29,22,19,INBOUND,COMPLETED
SHP-00000095,PRD-00182,WH-CENTRAL,2026-04-12,14,15,INBOUND,COMPLETED
SHP-00000096,PRD-00137,WH-CENTRAL,2026-05-21,27,27,INBOUND,COMPLETED
SHP-00000097,PRD-00160,WH-WEST,2026-09-28,44,,OUTBOUND,DELAYED
SHP-00000098,PRD-00173,WH-EAST,2026-05-03,15,17,INBOUND,COMPLETED
SHP-00000099,PRD-00043,WH-EAST,2026-07-17,31,29,OUTBOUND,COMPLETED
SHP-00000100,PRD-00109,WH-EAST,2026-05-14,34,31,OUTBOUND,COMPLETED
SHP-00000101,PRD-00198,WH-CENTRAL,2026-07-15,4,6,OUTBOUND,COMPLETED
SHP-00000102,PRD-00087,WH-CENTRAL,2026-10-25,10,,OUTBOUND,SCHEDULED
SHP-00000103,PRD-00069,WH-WEST,2026-09-27,9,,OUTBOUND,SCHEDULED
SHP-00000104,PRD-00118,WH-CENTRAL,2026-09-02,11,,INBOUND,SCHEDULED
SHP-00000105,PRD-00161,WH-EAST,2026-08-01,48,,INBOUND,DELAYED
SHP-00000106,PRD-00138,WH-WEST,2026-05-15,26,24,INBOUND,COMPLETED
SHP-00000107,PRD-00060,WH-WEST,2026-09-12,9,,OUTBOUND,SCHEDULED
SHP-00000108,PRD-00165,WH-EAST,2026-08-31,35,,INBOUND,SCHEDULED
SHP-00000109,PRD-00103,WH-WEST,2026-05-05,8,5,INBOUND,COMPLETED
SHP-00000110,PRD-00136,WH-WEST,2026-08-21,4,,INBOUND,DELAYED
SHP-00000111,PRD-00040,WH-EAST,2026-04-25,41,41,INBOUND,COMPLETED
SHP-00000112,PRD-00084,WH-EAST,2026-10-24,46,,INBOUND,SCHEDULED
SHP-00000113,PRD-00157,WH-WEST,2026-04-12,25,27,INBOUND,COMPLETED
SHP-00000114,PRD-00184,WH-CENTRAL,2026-04-09,19,19,OUTBOUND,COMPLETED
SHP-00000115,PRD-00084,WH-WEST,2026-07-20,36,34,OUTBOUND,COMPLETED
SHP-00000116,PRD-00182,WH-CENTRAL,2026-09-16,6,,OUTBOUND,SCHEDULED
SHP-00000117,PRD-00012,WH-CENTRAL,2026-05-02,54,56,INBOUND,COMPLETED
SHP-00000118,PRD-00133,WH-CENTRAL,2026-06-11,31,,OUTBOUND,CANCELLED
SHP-00000119,PRD-00056,WH-WEST,2026-06-13,4,6,INBOUND,COMPLETED
SHP-00000120,PRD-00033,WH-CENTRAL,2026-06-27,31,29,INBOUND,COMPLETED
SHP-00000121,PRD-00133,WH-WEST,2026-09-15,27,,OUTBOUND,SCHEDULED
SHP-00000122,PRD-00049,WH-CENTRAL,2026-04-11,47,48,OUTBOUND,COMPLETED
SHP-00000123,PRD-00061,WH-WEST,2026-09-14,11,,OUTBOUND,SCHEDULED
SHP-00000124,PRD-00193,WH-CENTRAL,2026-09-24,27,,INBOUND,SCHEDULED
SHP-00000125,PRD-00058,WH-CENTRAL,2026-10-26,40,,INBOUND,SCHEDULED
SHP-00000126,PRD-00063,WH-WEST,2026-10-19,22,,OUTBOUND,SCHEDULED
SHP-00000127,PRD-00121,WH-CENTRAL,2026-09-12,5,,OUTBOUND,SCHEDULED
SHP-00000128,PRD-00135,WH-WEST,2026-04-03,4,4,OUTBOUND,COMPLETED
SHP-00000129,PRD-00189,WH-CENTRAL,2026-09-15,6,,INBOUND,SCHEDULED
SHP-00000130,PRD-00011,WH-CENTRAL,2026-05-01,23,23,OUTBOUND,COMPLETED
SHP-00000131,PRD-00089,WH-CENTRAL,2026-06-15,25,25,OUTBOUND,COMPLETED
SHP-00000132,PRD-00091,WH-CENTRAL,2026-09-01,28,,OUTBOUND,SCHEDULED
SHP-00000133,PRD-00155,WH-WEST,2026-07-07,5,5,INBOUND,COMPLETED
SHP-00000134,PRD-00039,WH-EAST,2026-07-12,12,11,INBOUND,COMPLETED
SHP-00000135,PRD-00132,WH-CENTRAL,2026-08-19,48,,OUTBOUND,DELAYED
SHP-00000136,PRD-00110,WH-EAST,2026-04-14,13,13,OUTBOUND,COMPLETED
SHP-00000137,PRD-00049,WH-WEST,2026-08-17,47,,OUTBOUND,CANCELLED
SHP-00000138,PRD-00130,WH-WEST,2026-07-14,39,37,INBOUND,COMPLETED
SHP-00000139,PRD-00178,WH-EAST,2026-04-27,19,16,OUTBOUND,COMPLETED
SHP-00000140,PRD-00023,WH-WEST,2026-04-27,53,53,INBOUND,COMPLETED
SHP-00000141,PRD-00046,WH-CENTRAL,2026-07-23,48,45,OUTBOUND,COMPLETED
SHP-00000142,PRD-00086,WH-WEST,2026-09-11,25,,OUTBOUND,SCHEDULED
SHP-00000143,PRD-00121,WH-CENTRAL,2026-05-16,45,43,INBOUND,COMPLETED
SHP-00000144,PRD-00029,WH-EAST,2026-05-10,6,8,OUTBOUND,COMPLETED
SHP-00000145,PRD-00174,WH-WEST,2026-10-27,14,,INBOUND,CANCELLED
SHP-00000146,PRD-00085,WH-EAST,2026-07-01,26,28,INBOUND,COMPLETED
SHP-00000147,PRD-00197,WH-EAST,2026-07-15,18,15,INBOUND,COMPLETED
SHP-00000148,PRD-00041,WH-CENTRAL,2026-10-29,31,,INBOUND,SCHEDULED
SHP-00000149,PRD-00186,WH-EAST,2026-08-17,40,,INBOUND,SCHEDULED
SHP-00000150,PRD-00141,WH-WEST,2026-09-18,41,,OUTBOUND,SCHEDULED
SHP-00000151,PRD-00025,WH-CENTRAL,2026-04-03,5,5,OUTBOUND,COMPLETED
SHP-00000152,PRD-00018,WH-EAST,2026-08-08,6,,OUTBOUND,DELAYED
SHP-00000153,PRD-00135,WH-WEST,2026-05-29,22,19,OUTBOUND,COMPLETED
SHP-00000154,PRD-00058,WH-EAST,2026-09-20,44,,OUTBOUND,SCHEDULED
SHP-00000155,PRD-00180,WH-EAST,2026-06-30,41,41,OUTBOUND,COMPLETED
SHP-00000156,PRD-00125,WH-CENTRAL,2026-07-30,24,25,OUTBOUND,COMPLETED
SHP-00000157,PRD-00113,WH-EAST,2026-07-01,53,53,INBOUND,COMPLETED
SHP-00000158,PRD-00005,WH-WEST,2026-07-26,33,35,OUTBOUND,COMPLETED
SHP-00000159,PRD-00046,WH-EAST,2026-04-20,7,4,OUTBOUND,COMPLETED
SHP-00000160,PRD-00053,WH-WEST,2026-05-02,30,30,OUTBOUND,COMPLETED
SHP-00000161,PRD-00177,WH-EAST,2026-10-12,37,,OUTBOUND,SCHEDULED
SHP-00000162,PRD-00101,WH-EAST,2026-10-10,36,,OUTBOUND,SCHEDULED
SHP-00000163,PRD-00179,WH-CENTRAL,2026-05-23,42,42,OUTBOUND,COMPLETED
SHP-00000164,PRD-00142,WH-EAST,2026-08-08,12,,OUTBOUND,SCHEDULED
SHP-00000165,PRD-00175,WH-WEST,2026-04-05,15,,INBOUND,CANCELLED
SHP-00000166,PRD-00047,WH-EAST,2026-06-17,23,20,INBOUND,COMPLETED
SHP-00000167,PRD-00091,WH-CENTRAL,2026-08-01,29,29,INBOUND,COMPLETED
SHP-00000168,PRD-00171,WH-EAST,2026-07-02,10,7,OUTBOUND,COMPLETED
SHP-00000169,PRD-00025,WH-WEST,2026-10-06,37,,INBOUND,SCHEDULED
SHP-00000170,PRD-00075,WH-EAST,2026-08-25,36,,OUTBOUND,SCHEDULED
SHP-00000171,PRD-00151,WH-WEST,2026-10-02,26,,OUTBOUND,SCHEDULED
SHP-00000172,PRD-00043,WH-WEST,2026-04-22,52,50,INBOUND,COMPLETED
SHP-00000173,PRD-00100,WH-EAST,2026-06-20,43,45,OUTBOUND,COMPLETED
SHP-00000174,PRD-00082,WH-WEST,2026-05-08,34,34,OUTBOUND,COMPLETED
SHP-00000175,PRD-00133,WH-EAST,2026-06-21,11,11,OUTBOUND,COMPLETED
SHP-00000176,PRD-00090,WH-CENTRAL,2026-10-14,27,,OUTBOUND,DELAYED
SHP-00000177,PRD-00061,WH-CENTRAL,2026-04-04,12,12,OUTBOUND,COMPLETED
SHP-00000178,PRD-00126,WH-CENTRAL,2026-10-16,48,,INBOUND,SCHEDULED
SHP-00000179,PRD-00018,WH-EAST,2026-08-14,51,,INBOUND,SCHEDULED
SHP-00000180,PRD-00002,WH-WEST,2026-10-07,6,,INBOUND,DELAYED
SHP-00000181,PRD-00012,WH-EAST,2026-10-07,34,,OUTBOUND,SCHEDULED
SHP-00000182,PRD-00159,WH-CENTRAL,2026-09-14,5,,OUTBOUND,SCHEDULED
SHP-00000183,PRD-00143,WH-WEST,2026-04-03,22,22,INBOUND,COMPLETED
SHP-00000184,PRD-00073,WH-WEST,2026-10-26,12,,INBOUND,DELAYED
SHP-00000185,PRD-00185,WH-EAST,2026-06-03,4,3,OUTBOUND,COMPLETED
SHP-00000186,PRD-00139,WH-EAST,2026-09-15,39,,INBOUND,SCHEDULED
SHP-00000187,PRD-00118,WH-CENTRAL,2026-04-28,36,38,OUTBOUND,COMPLETED
SHP-00000188,PRD-00164,WH-WEST,2026-07-15,12,12,OUTBOUND,COMPLETED
SHP-00000189,PRD-00119,WH-CENTRAL,2026-05-25,48,48,INBOUND,COMPLETED
SHP-00000190,PRD-00140,WH-CENTRAL,2026-08-31,18,,INBOUND,SCHEDULED
SHP-00000191,PRD-00144,WH-EAST,2026-04-29,46,45,INBOUND,COMPLETED
SHP-00000192,PRD-00004,WH-CENTRAL,2026-10-06,7,,INBOUND,SCHEDULED
SHP-00000193,PRD-00135,WH-WEST,2026-06-24,11,11,INBOUND,COMPLETED
SHP-00000194,PRD-00016,WH-EAST,2026-08-19,33,,INBOUND,SCHEDULED
SHP-00000195,PRD-00186,WH-EAST,2026-09-19,31,,OUTBOUND,SCHEDULED
SHP-00000196,PRD-00019,WH-EAST,2026-08-14,5,,INBOUND,SCHEDULED
SHP-00000197,PRD-00103,WH-CENTRAL,2026-04-26,8,8,INBOUND,COMPLETED
SHP-00000198,PRD-00039,WH-EAST,2026-04-10,14,14,INBOUND,COMPLETED
SHP-00000199,PRD-00154,WH-CENTRAL,2026-06-30,11,8,OUTBOUND,COMPLETED
SHP-00000200,PRD-00050,WH-CENTRAL,2026-06-21,42,44,OUTBOUND,COMPLETED
SHP-00000201,PRD-00174,WH-WEST,2026-10-18,43,,OUTBOUND,SCHEDULED
SHP-00000202,PRD-00019,WH-WEST,2026-07-31,43,44,INBOUND,COMPLETED
SHP-00000203,PRD-00183,WH-EAST,2026-06-26,47,46,OUTBOUND,COMPLETED
SHP-00000204,PRD-00131,WH-WEST,2026-07-24,31,28,OUTBOUND,COMPLETED
SHP-00000205,PRD-00139,WH-EAST,2026-07-20,19,16,INBOUND,COMPLETED
SHP-00000206,PRD-00081,WH-EAST,2026-07-24,36,36,INBOUND,COMPLETED
SHP-00000207,PRD-00009,WH-EAST,2026-06-09,9,9,INBOUND,COMPLETED
SHP-00000208,PRD-00148,WH-CENTRAL,2026-09-11,8,,INBOUND,SCHEDULED
SHP-00000209,PRD-00016,WH-CENTRAL,2026-09-20,19,,INBOUND,SCHEDULED
SHP-00000210,PRD-00104,WH-CENTRAL,2026-07-04,17,18,INBOUND,COMPLETED
SHP-00000211,PRD-00141,WH-CENTRAL,2026-05-21,15,13,INBOUND,COMPLETED
SHP-00000212,PRD-00126,WH-CENTRAL,2026-08-28,5,,OUTBOUND,SCHEDULED
SHP-00000213,PRD-00175,WH-WEST,2026-07-06,43,41,OUTBOUND,COMPLETED
SHP-00000214,PRD-00002,WH-EAST,2026-07-25,36,36,INBOUND,COMPLETED
SHP-00000215,PRD-00134,WH-CENTRAL,2026-10-02,14,,OUTBOUND,SCHEDULED
SHP-00000216,PRD-00180,WH-EAST,2026-05-19,53,53,INBOUND,COMPLETED
SHP-00000217,PRD-00034,WH-WEST,2026-10-27,21,,INBOUND,SCHEDULED
SHP-00000218,PRD-00092,WH-EAST,2026-07-10,33,32,INBOUND,COMPLETED
SHP-00000219,PRD-00048,WH-EAST,2026-06-18,10,12,INBOUND,COMPLETED
SHP-00000220,PRD-00176,WH-CENTRAL,2026-04-23,53,51,INBOUND,COMPLETED
SHP-00000221,PRD-00106,WH-WEST,2026-07-28,20,19,OUTBOUND,COMPLETED
SHP-00000222,PRD-00151,WH-CENTRAL,2026-04-12,22,22,OUTBOUND,COMPLETED
SHP-00000223,PRD-00162,WH-WEST,2026-04-12,19,19,INBOUND,COMPLETED
SHP-00000224,PRD-00104,WH-WEST,2026-10-19,46,,OUTBOUND,SCHEDULED
SHP-00000225,PRD-00009,WH-CENTRAL,2026-05-30,32,32,OUTBOUND,COMPLETED
SHP-00000226,PRD-00067,WH-CENTRAL,2026-07-28,38,36,OUTBOUND,COMPLETED
SHP-00000227,PRD-00155,WH-CENTRAL,2026-08-19,13,,OUTBOUND,SCHEDULED
SHP-00000228,PRD-00027,WH-EAST,2026-09-20,9,,OUTBOUND,SCHEDULED
SHP-00000229,PRD-00159,WH-EAST,2026-04-27,9,7,OUTBOUND,COMPLETED
SHP-00000230,PRD-00181,WH-EAST,2026-04-29,39,39,OUTBOUND,COMPLETED
SHP-00000231,PRD-00078,WH-EAST,2026-04-20,53,53,INBOUND,COMPLETED
SHP-00000232,PRD-00068,WH-EAST,2026-10-29,20,,INBOUND,SCHEDULED
SHP-00000233,PRD-00106,WH-CENTRAL,2026-06-15,46,48,OUTBOUND,COMPLETED
SHP-00000234,PRD-00041,WH-EAST,2026-05-30,22,22,OUTBOUND,COMPLETED
SHP-00000235,PRD-00198,WH-WEST,2026-08-24,29,,INBOUND,SCHEDULED
SHP-00000236,PRD-00071,WH-CENTRAL,2026-08-04,25,,OUTBOUND,SCHEDULED
SHP-00000237,PRD-00181,WH-CENTRAL,2026-07-25,29,30,OUTBOUND,COMPLETED
SHP-00000238,PRD-00014,WH-WEST,2026-04-12,11,12,INBOUND,COMPLETED
SHP-00000239,PRD-00033,WH-CENTRAL,2026-04-10,4,3,OUTBOUND,COMPLETED
SHP-00000240,PRD-00159,WH-WEST,2026-05-17,36,35,INBOUND,COMPLETED
SHP-00000241,PRD-00169,WH-WEST,2026-10-23,23,,INBOUND,SCHEDULED
SHP-00000242,PRD-00112,WH-EAST,2026-07-13,15,,OUTBOUND,CANCELLED
SHP-00000243,PRD-00013,WH-EAST,2026-05-21,40,38,OUTBOUND,COMPLETED
SHP-00000244,PRD-00134,WH-CENTRAL,2026-04-04,17,14,INBOUND,COMPLETED
SHP-00000245,PRD-00047,WH-WEST,2026-08-21,35,,OUTBOUND,SCHEDULED
SHP-00000246,PRD-00029,WH-EAST,2026-04-08,34,31,INBOUND,COMPLETED
SHP-00000247,PRD-00081,WH-WEST,2026-07-28,49,49,INBOUND,COMPLETED
SHP-00000248,PRD-00039,WH-CENTRAL,2026-08-19,11,,OUTBOUND,DELAYED
SHP-00000249,PRD-00027,WH-CENTRAL,2026-07-24,34,36,OUTBOUND,COMPLETED
SHP-00000250,PRD-00183,WH-WEST,2026-07-02,11,11,INBOUND,COMPLETED
SHP-00000251,PRD-00121,WH-WEST,2026-06-13,19,21,INBOUND,COMPLETED
SHP-00000252,PRD-00048,WH-CENTRAL,2026-10-06,50,,INBOUND,DELAYED
SHP-00000253,PRD-00083,WH-EAST,2026-05-10,22,20,INBOUND,COMPLETED
SHP-00000254,PRD-00096,WH-WEST,2026-04-12,7,8,INBOUND,COMPLETED
SHP-00000255,PRD-00056,WH-WEST,2026-04-23,50,49,INBOUND,COMPLETED
SHP-00000256,PRD-00089,WH-CENTRAL,2026-04-08,4,,OUTBOUND,CANCELLED
SHP-00000257,PRD-00140,WH-EAST,2026-08-11,6,,OUTBOUND,SCHEDULED
SHP-00000258,PRD-00038,WH-WEST,2026-05-10,18,18,OUTBOUND,COMPLETED
SHP-00000259,PRD-00132,WH-WEST,2026-09-29,7,,INBOUND,DELAYED
SHP-00000260,PRD-00079,WH-WEST,2026-06-03,48,46,INBOUND,COMPLETED
SHP-00000261,PRD-00142,WH-EAST,2026-05-06,10,8,OUTBOUND,COMPLETED
SHP-00000262,PRD-00089,WH-WEST,2026-09-08,35,,OUTBOUND,SCHEDULED
SHP-00000263,PRD-00173,WH-CENTRAL,2026-10-18,53,,INBOUND,DELAYED
SHP-00000264,PRD-00034,WH-EAST,2026-06-05,35,34,INBOUND,COMPLETED
SHP-00000265,PRD-00012,WH-WEST,2026-07-31,44,44,OUTBOUND,COMPLETED
SHP-00000266,PRD-00109,WH-CENTRAL,2026-09-20,20,,OUTBOUND,SCHEDULED
SHP-00000267,PRD-00073,WH-CENTRAL,2026-07-28,35,37,OUTBOUND,COMPLETED
SHP-00000268,PRD-00165,WH-CENTRAL,2026-10-28,41,,OUTBOUND,SCHEDULED
SHP-00000269,PRD-00151,WH-CENTRAL,2026-07-02,39,38,OUTBOUND,COMPLETED
SHP-00000270,PRD-00200,WH-CENTRAL,2026-10-17,42,,INBOUND,SCHEDULED
SHP-00000271,PRD-00113,WH-CENTRAL,2026-04-21,5,5,INBOUND,COMPLETED
SHP-00000272,PRD-00042,WH-WEST,2026-10-18,5,,INBOUND,SCHEDULED
SHP-00000273,PRD-00089,WH-WEST,2026-06-29,36,37,INBOUND,COMPLETED
SHP-00000274,PRD-00171,WH-WEST,2026-06-11,12,14,INBOUND,COMPLETED
SHP-00000275,PRD-00106,WH-WEST,2026-07-23,18,20,OUTBOUND,COMPLETED
SHP-00000276,PRD-00168,WH-WEST,2026-06-20,14,14,INBOUND,COMPLETED
SHP-00000277,PRD-00193,WH-EAST,2026-09-01,42,,INBOUND,SCHEDULED
SHP-00000278,PRD-00114,WH-EAST,2026-04-24,6,6,OUTBOUND,COMPLETED
SHP-00000279,PRD-00038,WH-CENTRAL,2026-09-06,35,,OUTBOUND,SCHEDULED
SHP-00000280,PRD-00158,WH-WEST,2026-05-16,37,34,OUTBOUND,COMPLETED
SHP-00000281,PRD-00026,WH-WEST,2026-05-05,4,4,OUTBOUND,COMPLETED
SHP-00000282,PRD-00019,WH-WEST,2026-04-11,8,10,OUTBOUND,COMPLETED
SHP-00000283,PRD-00029,WH-CENTRAL,2026-09-29,44,,OUTBOUND,SCHEDULED
SHP-00000284,PRD-00199,WH-EAST,2026-07-15,44,43,OUTBOUND,COMPLETED
SHP-00000285,PRD-00001,WH-EAST,2026-04-15,14,13,INBOUND,COMPLETED
SHP-00000286,PRD-00178,WH-CENTRAL,2026-07-24,46,46,OUTBOUND,COMPLETED
SHP-00000287,PRD-00019,WH-EAST,2026-05-18,13,11,OUTBOUND,COMPLETED
SHP-00000288,PRD-00109,WH-WEST,2026-04-08,24,25,OUTBOUND,COMPLETED
SHP-00000289,PRD-00067,WH-EAST,2026-06-18,22,24,OUTBOUND,COMPLETED
SHP-00000290,PRD-00076,WH-WEST,2026-08-26,43,,OUTBOUND,SCHEDULED
SHP-00000291,PRD-00093,WH-EAST,2026-08-15,41,,INBOUND,SCHEDULED
SHP-00000292,PRD-00187,WH-WEST,2026-10-23,47,,OUTBOUND,SCHEDULED
SHP-00000293,PRD-00118,WH-CENTRAL,2026-04-20,48,49,OUTBOUND,COMPLETED
SHP-00000294,PRD-00128,WH-CENTRAL,2026-08-22,26,,INBOUND,SCHEDULED
SHP-00000295,PRD-00051,WH-WEST,2026-06-23,4,4,OUTBOUND,COMPLETED
SHP-00000296,PRD-00165,WH-CENTRAL,2026-09-16,42,,INBOUND,SCHEDULED
SHP-00000297,PRD-00003,WH-WEST,2026-07-07,22,22,OUTBOUND,COMPLETED
SHP-00000298,PRD-00172,WH-EAST,2026-10-13,26,,INBOUND,DELAYED
SHP-00000299,PRD-00135,WH-CENTRAL,2026-04-03,52,52,INBOUND,COMPLETED
SHP-00000300,PRD-00130,WH-EAST,2026-05-26,19,19,OUTBOUND,COMPLETED
SHP-00000301,PRD-00082,WH-WEST,2026-05-24,45,42,INBOUND,COMPLETED
SHP-00000302,PRD-00059,WH-EAST,2026-09-01,25,,OUTBOUND,CANCELLED
SHP-00000303,PRD-00031,WH-EAST,2026-05-11,7,9,OUTBOUND,COMPLETED
SHP-00000304,PRD-00127,WH-WEST,2026-04-30,14,15,OUTBOUND,COMPLETED
SHP-00000305,PRD-00009,WH-WEST,2026-08-14,41,,OUTBOUND,SCHEDULED
SHP-00000306,PRD-00191,WH-WEST,2026-07-14,48,50,OUTBOUND,COMPLETED
SHP-00000307,PRD-00058,WH-EAST,2026-08-25,3,,OUTBOUND,SCHEDULED
SHP-00000308,PRD-00142,WH-CENTRAL,2026-05-13,54,51,INBOUND,COMPLETED
SHP-00000309,PRD-00095,WH-WEST,2026-04-22,46,47,INBOUND,COMPLETED
SHP-00000310,PRD-00125,WH-EAST,2026-07-27,41,42,OUTBOUND,COMPLETED
SHP-00000311,PRD-00140,WH-CENTRAL,2026-10-24,25,,INBOUND,SCHEDULED
SHP-00000312,PRD-00033,WH-EAST,2026-04-10,34,34,OUTBOUND,COMPLETED
SHP-00000313,PRD-00105,WH-WEST,2026-09-10,4,,OUTBOUND,SCHEDULED
SHP-00000314,PRD-00191,WH-WEST,2026-05-15,18,16,OUTBOUND,COMPLETED
SHP-00000315,PRD-00024,WH-WEST,2026-05-02,19,18,INBOUND,COMPLETED
SHP-00000316,PRD-00115,WH-EAST,2026-10-19,34,,OUTBOUND,DELAYED
SHP-00000317,PRD-00093,WH-WEST,2026-06-25,8,8,OUTBOUND,COMPLETED
SHP-00000318,PRD-00179,WH-WEST,2026-06-01,19,19,INBOUND,COMPLETED
SHP-00000319,PRD-00181,WH-CENTRAL,2026-08-04,37,,OUTBOUND,SCHEDULED
SHP-00000320,PRD-00070,WH-CENTRAL,2026-07-04,50,50,INBOUND,COMPLETED
SHP-00000321,PRD-00022,WH-CENTRAL,2026-10-16,5,,OUTBOUND,DELAYED
SHP-00000322,PRD-00099,WH-EAST,2026-05-22,25,24,OUTBOUND,COMPLETED
SHP-00000323,PRD-00114,WH-WEST,2026-07-30,11,9,INBOUND,COMPLETED
SHP-00000324,PRD-00148,WH-CENTRAL,2026-04-24,17,16,OUTBOUND,COMPLETED
SHP-00000325,PRD-00070,WH-WEST,2026-10-20,10,,OUTBOUND,SCHEDULED
SHP-00000326,PRD-00100,WH-EAST,2026-04-17,29,27,OUTBOUND,COMPLETED
SHP-00000327,PRD-00157,WH-CENTRAL,2026-09-03,31,,OUTBOUND,CANCELLED
SHP-00000328,PRD-00112,WH-CENTRAL,2026-05-26,18,18,INBOUND,COMPLETED
SHP-00000329,PRD-00112,WH-CENTRAL,2026-05-14,54,51,INBOUND,COMPLETED
SHP-00000330,PRD-00150,WH-CENTRAL,2026-09-22,45,,INBOUND,SCHEDULED
SHP-00000331,PRD-00096,WH-CENTRAL,2026-10-19,13,,OUTBOUND,SCHEDULED
SHP-00000332,PRD-00053,WH-EAST,2026-06-18,13,13,OUTBOUND,COMPLETED
SHP-00000333,PRD-00123,WH-CENTRAL,2026-10-06,43,,INBOUND,SCHEDULED
SHP-00000334,PRD-00184,WH-CENTRAL,2026-06-30,27,24,INBOUND,COMPLETED
SHP-00000335,PRD-00132,WH-WEST,2026-04-04,47,44,OUTBOUND,COMPLETED
SHP-00000336,PRD-00086,WH-CENTRAL,2026-05-11,31,31,INBOUND,COMPLETED
SHP-00000337,PRD-00063,WH-CENTRAL,2026-04-11,21,20,OUTBOUND,COMPLETED
SHP-00000338,PRD-00067,WH-CENTRAL,2026-07-15,5,5,OUTBOUND,COMPLETED
SHP-00000339,PRD-00153,WH-EAST,2026-09-16,20,,INBOUND,SCHEDULED
SHP-00000340,PRD-00018,WH-CENTRAL,2026-06-21,19,21,INBOUND,COMPLETED
SHP-00000341,PRD-00066,WH-EAST,2026-05-05,32,29,OUTBOUND,COMPLETED
SHP-00000342,PRD-00052,WH-CENTRAL,2026-06-27,39,38,OUTBOUND,COMPLETED
SHP-00000343,PRD-00137,WH-EAST,2026-07-30,40,41,INBOUND,COMPLETED
SHP-00000344,PRD-00016,WH-EAST,2026-06-02,22,22,OUTBOUND,COMPLETED
SHP-00000345,PRD-00032,WH-WEST,2026-08-24,42,,INBOUND,SCHEDULED
SHP-00000346,PRD-00118,WH-CENTRAL,2026-06-09,5,5,OUTBOUND,COMPLETED
SHP-00000347,PRD-00162,WH-EAST,2026-05-19,16,16,OUTBOUND,COMPLETED
SHP-00000348,PRD-00118,WH-EAST,2026-10-05,27,,INBOUND,SCHEDULED
SHP-00000349,PRD-00107,WH-EAST,2026-06-23,19,16,INBOUND,COMPLETED
SHP-00000350,PRD-00046,WH-EAST,2026-08-14,30,,OUTBOUND,SCHEDULED
SHP-00000351,PRD-00143,WH-EAST,2026-09-25,3,,OUTBOUND,DELAYED
SHP-00000352,PRD-00030,WH-WEST,2026-05-19,39,37,INBOUND,COMPLETED
SHP-00000353,PRD-00022,WH-WEST,2026-09-27,46,,INBOUND,SCHEDULED
SHP-00000354,PRD-00070,WH-WEST,2026-04-26,41,41,INBOUND,COMPLETED
SHP-00000355,PRD-00092,WH-EAST,2026-07-19,37,37,INBOUND,COMPLETED
SHP-00000356,PRD-00107,WH-WEST,2026-05-27,28,30,OUTBOUND,COMPLETED
SHP-00000357,PRD-00147,WH-WEST,2026-10-23,7,,OUTBOUND,SCHEDULED
SHP-00000358,PRD-00142,WH-WEST,2026-07-02,23,23,OUTBOUND,COMPLETED
SHP-00000359,PRD-00089,WH-EAST,2026-08-04,48,,OUTBOUND,SCHEDULED
SHP-00000360,PRD-00191,WH-EAST,2026-04-08,19,19,INBOUND,COMPLETED
SHP-00000361,PRD-00095,WH-EAST,2026-09-29,24,,INBOUND,SCHEDULED
SHP-00000362,PRD-00057,WH-WEST,2026-07-20,4,5,INBOUND,COMPLETED
SHP-00000363,PRD-00009,WH-WEST,2026-08-17,25,,OUTBOUND,SCHEDULED
SHP-00000364,PRD-00014,WH-EAST,2026-07-17,7,5,OUTBOUND,COMPLETED
SHP-00000365,PRD-00108,WH-EAST,2026-10-01,10,,INBOUND,SCHEDULED
SHP-00000366,PRD-00187,WH-WEST,2026-07-07,25,23,OUTBOUND,COMPLETED
SHP-00000367,PRD-00184,WH-WEST,2026-09-26,38,,OUTBOUND,SCHEDULED
SHP-00000368,PRD-00031,WH-CENTRAL,2026-05-16,7,,OUTBOUND,CANCELLED
SHP-00000369,PRD-00072,WH-EAST,2026-04-11,8,5,OUTBOUND,COMPLETED
SHP-00000370,PRD-00006,WH-CENTRAL,2026-07-18,11,12,OUTBOUND,COMPLETED
SHP-00000371,PRD-00043,WH-WEST,2026-05-09,27,28,OUTBOUND,COMPLETED
SHP-00000372,PRD-00155,WH-CENTRAL,2026-08-02,33,,INBOUND,DELAYED
SHP-00000373,PRD-00009,WH-EAST,2026-04-27,46,44,OUTBOUND,COMPLETED
SHP-00000374,PRD-00076,WH-EAST,2026-10-04,50,,INBOUND,SCHEDULED
SHP-00000375,PRD-00103,WH-WEST,2026-06-30,17,15,INBOUND,COMPLETED
SHP-00000376,PRD-00032,WH-CENTRAL,2026-08-14,14,,INBOUND,DELAYED
SHP-00000377,PRD-00035,WH-EAST,2026-09-15,11,,INBOUND,SCHEDULED
SHP-00000378,PRD-00198,WH-CENTRAL,2026-06-03,10,10,INBOUND,COMPLETED
SHP-00000379,PRD-00080,WH-WEST,2026-10-07,31,,INBOUND,SCHEDULED
SHP-00000380,PRD-00163,WH-EAST,2026-07-20,41,42,OUTBOUND,COMPLETED
SHP-00000381,PRD-00098,WH-CENTRAL,2026-05-31,28,30,OUTBOUND,COMPLETED
SHP-00000382,PRD-00137,WH-WEST,2026-07-12,25,25,INBOUND,COMPLETED
SHP-00000383,PRD-00107,WH-WEST,2026-05-26,20,19,OUTBOUND,COMPLETED
SHP-00000384,PRD-00174,WH-CENTRAL,2026-05-20,31,30,INBOUND,COMPLETED
SHP-00000385,PRD-00028,WH-EAST,2026-09-02,10,,OUTBOUND,SCHEDULED
SHP-00000386,PRD-00155,WH-CENTRAL,2026-10-04,33,,INBOUND,DELAYED
SHP-00000387,PRD-00105,WH-EAST,2026-06-03,21,23,INBOUND,COMPLETED
SHP-00000388,PRD-00192,WH-WEST,2026-06-11,38,37,OUTBOUND,COMPLETED
SHP-00000389,PRD-00006,WH-WEST,2026-06-14,31,30,OUTBOUND,COMPLETED
SHP-00000390,PRD-00163,WH-CENTRAL,2026-10-01,13,,OUTBOUND,SCHEDULED
SHP-00000391,PRD-00028,WH-EAST,2026-10-03,12,,INBOUND,SCHEDULED
SHP-00000392,PRD-00075,WH-WEST,2026-08-19,47,,OUTBOUND,DELAYED
SHP-00000393,PRD-00061,WH-EAST,2026-05-27,8,10,OUTBOUND,COMPLETED
SHP-00000394,PRD-00088,WH-WEST,2026-09-19,37,,OUTBOUND,SCHEDULED
SHP-00000395,PRD-00063,WH-WEST,2026-04-07,36,36,OUTBOUND,COMPLETED
SHP-00000396,PRD-00181,WH-WEST,2026-08-12,5,,OUTBOUND,SCHEDULED
SHP-00000397,PRD-00046,WH-WEST,2026-07-28,37,34,INBOUND,COMPLETED
SHP-00000398,PRD-00080,WH-WEST,2026-08-08,5,,OUTBOUND,SCHEDULED
SHP-00000399,PRD-00029,WH-WEST,2026-06-24,32,32,OUTBOUND,COMPLETED
SHP-00000400,PRD-00061,WH-CENTRAL,2026-10-21,52,,INBOUND,SCHEDULED
SHP-00000401,PRD-00028,WH-EAST,2026-09-20,48,,INBOUND,SCHEDULED
SHP-00000402,PRD-00122,WH-CENTRAL,2026-06-15,7,9,OUTBOUND,COMPLETED
SHP-00000403,PRD-00150,WH-EAST,2026-04-13,8,6,OUTBOUND,COMPLETED
SHP-00000404,PRD-00009,WH-WEST,2026-10-14,16,,OUTBOUND,SCHEDULED
SHP-00000405,PRD-00111,WH-CENTRAL,2026-07-05,27,27,OUTBOUND,COMPLETED
SHP-00000406,PRD-00122,WH-EAST,2026-10-25,5,,OUTBOUND,SCHEDULED
SHP-00000407,PRD-00062,WH-CENTRAL,2026-08-07,26,,INBOUND,SCHEDULED
SHP-00000408,PRD-00130,WH-CENTRAL,2026-06-26,35,36,OUTBOUND,COMPLETED
SHP-00000409,PRD-00161,WH-WEST,2026-07-19,25,25,INBOUND,COMPLETED
SHP-00000410,PRD-00064,WH-EAST,2026-10-02,31,,INBOUND,SCHEDULED
SHP-00000411,PRD-00155,WH-WEST,2026-06-26,32,29,INBOUND,COMPLETED
SHP-00000412,PRD-00101,WH-WEST,2026-08-27,43,,OUTBOUND,SCHEDULED
SHP-00000413,PRD-00049,WH-CENTRAL,2026-07-07,34,31,OUTBOUND,COMPLETED
SHP-00000414,PRD-00064,WH-CENTRAL,2026-08-12,34,,INBOUND,DELAYED
SHP-00000415,PRD-00169,WH-CENTRAL,2026-07-27,37,35,OUTBOUND,COMPLETED
SHP-00000416,PRD-00035,WH-WEST,2026-08-27,14,,INBOUND,SCHEDULED
SHP-00000417,PRD-00025,WH-WEST,2026-10-02,24,,INBOUND,SCHEDULED
SHP-00000418,PRD-00040,WH-CENTRAL,2026-05-18,16,17,OUTBOUND,COMPLETED
SHP-00000419,PRD-00102,WH-CENTRAL,2026-08-18,43,,OUTBOUND,SCHEDULED
SHP-00000420,PRD-00083,WH-EAST,2026-06-24,44,42,INBOUND,COMPLETED
SHP-00000421,PRD-00157,WH-CENTRAL,2026-08-19,14,,OUTBOUND,SCHEDULED
SHP-00000422,PRD-00022,WH-EAST,2026-09-20,30,,INBOUND,SCHEDULED
SHP-00000423,PRD-00067,WH-CENTRAL,2026-09-07,23,,OUTBOUND,SCHEDULED
SHP-00000424,PRD-00029,WH-CENTRAL,2026-07-17,22,19,OUTBOUND,COMPLETED
SHP-00000425,PRD-00073,WH-EAST,2026-08-02,27,,INBOUND,SCHEDULED
SHP-00000426,PRD-00129,WH-CENTRAL,2026-06-26,32,31,OUTBOUND,COMPLETED
SHP-00000427,PRD-00051,WH-WEST,2026-04-04,18,18,OUTBOUND,COMPLETED
SHP-00000428,PRD-00143,WH-WEST,2026-08-26,48,,INBOUND,SCHEDULED
SHP-00000429,PRD-00200,WH-CENTRAL,2026-09-16,28,,INBOUND,SCHEDULED
SHP-00000430,PRD-00138,WH-WEST,2026-10-08,46,,OUTBOUND,SCHEDULED
SHP-00000431,PRD-00093,WH-CENTRAL,2026-06-10,32,32,OUTBOUND,COMPLETED
SHP-00000432,PRD-00114,WH-EAST,2026-09-08,29,,OUTBOUND,CANCELLED
SHP-00000433,PRD-00154,WH-CENTRAL,2026-10-01,42,,OUTBOUND,SCHEDULED
SHP-00000434,PRD-00156,WH-WEST,2026-10-24,53,,INBOUND,SCHEDULED
SHP-00000435,PRD-00176,WH-EAST,2026-05-23,36,36,OUTBOUND,COMPLETED
SHP-00000436,PRD-00005,WH-CENTRAL,2026-08-26,37,,OUTBOUND,SCHEDULED
SHP-00000437,PRD-00196,WH-WEST,2026-09-03,15,,INBOUND,SCHEDULED
SHP-00000438,PRD-00103,WH-CENTRAL,2026-06-01,10,12,OUTBOUND,COMPLETED
SHP-00000439,PRD-00090,WH-EAST,2026-05-26,33,33,OUTBOUND,COMPLETED
SHP-00000440,PRD-00050,WH-CENTRAL,2026-04-12,43,41,OUTBOUND,COMPLETED
SHP-00000441,PRD-00122,WH-WEST,2026-06-12,30,28,OUTBOUND,COMPLETED
SHP-00000442,PRD-00044,WH-WEST,2026-06-10,44,43,OUTBOUND,COMPLETED
SHP-00000443,PRD-00123,WH-EAST,2026-06-19,5,5,INBOUND,COMPLETED
SHP-00000444,PRD-00150,WH-CENTRAL,2026-09-03,22,,INBOUND,SCHEDULED
SHP-00000445,PRD-00035,WH-EAST,2026-10-12,44,,OUTBOUND,DELAYED
SHP-00000446,PRD-00077,WH-EAST,2026-07-18,3,1,OUTBOUND,COMPLETED
SHP-00000447,PRD-00125,WH-EAST,2026-07-24,14,15,OUTBOUND,COMPLETED
SHP-00000448,PRD-00145,WH-CENTRAL,2026-07-11,36,33,INBOUND,COMPLETED
SHP-00000449,PRD-00090,WH-EAST,2026-09-10,37,,OUTBOUND,SCHEDULED
SHP-00000450,PRD-00094,WH-EAST,2026-09-12,15,,OUTBOUND,SCHEDULED
SHP-00000451,PRD-00073,WH-CENTRAL,2026-04-07,10,7,INBOUND,COMPLETED
SHP-00000452,PRD-00108,WH-EAST,2026-05-30,32,30,OUTBOUND,COMPLETED
SHP-00000453,PRD-00006,WH-WEST,2026-06-18,47,47,OUTBOUND,COMPLETED
SHP-00000454,PRD-00023,WH-CENTRAL,2026-07-27,5,6,OUTBOUND,COMPLETED
SHP-00000455,PRD-00040,WH-EAST,2026-04-03,23,23,INBOUND,COMPLETED
SHP-00000456,PRD-00039,WH-CENTRAL,2026-07-29,51,,INBOUND,CANCELLED
SHP-00000457,PRD-00192,WH-WEST,2026-05-07,11,8,OUTBOUND,COMPLETED
SHP-00000458,PRD-00147,WH-CENTRAL,2026-10-14,4,,INBOUND,SCHEDULED
SHP-00000459,PRD-00086,WH-WEST,2026-06-07,22,20,OUTBOUND,COMPLETED
SHP-00000460,PRD-00016,WH-CENTRAL,2026-07-02,3,3,OUTBOUND,COMPLETED
SHP-00000461,PRD-00144,WH-WEST,2026-05-06,14,15,INBOUND,COMPLETED
SHP-00000462,PRD-00004,WH-EAST,2026-04-15,39,40,OUTBOUND,COMPLETED
SHP-00000463,PRD-00079,WH-WEST,2026-08-09,13,,INBOUND,DELAYED
SHP-00000464,PRD-00150,WH-CENTRAL,2026-07-03,24,24,OUTBOUND,COMPLETED
SHP-00000465,PRD-00153,WH-CENTRAL,2026-06-01,44,42,OUTBOUND,COMPLETED
SHP-00000466,PRD-00072,WH-CENTRAL,2026-04-11,16,16,OUTBOUND,COMPLETED
SHP-00000467,PRD-00150,WH-WEST,2026-07-26,53,53,INBOUND,COMPLETED
SHP-00000468,PRD-00188,WH-EAST,2026-04-27,33,31,OUTBOUND,COMPLETED
SHP-00000469,PRD-00095,WH-CENTRAL,2026-08-21,16,,INBOUND,SCHEDULED
SHP-00000470,PRD-00018,WH-EAST,2026-09-23,10,,INBOUND,SCHEDULED
SHP-00000471,PRD-00029,WH-CENTRAL,2026-06-29,44,46,OUTBOUND,COMPLETED
SHP-00000472,PRD-00157,WH-EAST,2026-10-03,8,,OUTBOUND,SCHEDULED
SHP-00000473,PRD-00194,WH-CENTRAL,2026-07-24,4,4,INBOUND,COMPLETED
SHP-00000474,PRD-00148,WH-EAST,2026-08-01,39,40,INBOUND,COMPLETED
SHP-00000475,PRD-00200,WH-EAST,2026-04-22,38,38,OUTBOUND,COMPLETED
SHP-00000476,PRD-00072,WH-CENTRAL,2026-06-18,28,25,OUTBOUND,COMPLETED
SHP-00000477,PRD-00042,WH-CENTRAL,2026-07-30,44,42,INBOUND,COMPLETED
SHP-00000478,PRD-00134,WH-EAST,2026-04-30,5,7,INBOUND,COMPLETED
SHP-00000479,PRD-00090,WH-EAST,2026-04-30,19,21,INBOUND,COMPLETED
SHP-00000480,PRD-00050,WH-EAST,2026-08-08,33,,INBOUND,SCHEDULED
SHP-00000481,PRD-00105,WH-CENTRAL,2026-09-04,42,,INBOUND,SCHEDULED
SHP-00000482,PRD-00122,WH-WEST,2026-06-08,23,23,OUTBOUND,COMPLETED
SHP-00000483,PRD-00096,WH-CENTRAL,2026-06-14,28,30,OUTBOUND,COMPLETED
SHP-00000484,PRD-00053,WH-WEST,2026-09-23,30,,INBOUND,SCHEDULED
SHP-00000485,PRD-00106,WH-EAST,2026-06-28,47,46,OUTBOUND,COMPLETED
SHP-00000486,PRD-00129,WH-WEST,2026-04-15,4,4,OUTBOUND,COMPLETED
SHP-00000487,PRD-00133,WH-CENTRAL,2026-05-14,55,55,INBOUND,COMPLETED
SHP-00000488,PRD-00090,WH-EAST,2026-04-16,8,9,OUTBOUND,COMPLETED
SHP-00000489,PRD-00149,WH-WEST,2026-08-27,16,,INBOUND,SCHEDULED
SHP-00000490,PRD-00121,WH-WEST,2026-04-22,16,17,INBOUND,COMPLETED
SHP-00000491,PRD-00145,WH-EAST,2026-08-15,18,,INBOUND,SCHEDULED
SHP-00000492,PRD-00009,WH-EAST,2026-05-21,32,32,OUTBOUND,COMPLETED
SHP-00000493,PRD-00049,WH-EAST,2026-07-04,54,54,INBOUND,COMPLETED
SHP-00000494,PRD-00036,WH-CENTRAL,2026-05-25,52,52,INBOUND,COMPLETED
SHP-00000495,PRD-00086,WH-WEST,2026-08-25,26,,INBOUND,SCHEDULED
SHP-00000496,PRD-00048,WH-EAST,2026-07-01,48,49,INBOUND,COMPLETED
SHP-00000497,PRD-00061,WH-WEST,2026-06-22,47,47,INBOUND,COMPLETED
SHP-00000498,PRD-00075,WH-EAST,2026-08-15,4,,OUTBOUND,SCHEDULED
SHP-00000499,PRD-00105,WH-WEST,2026-04-17,6,4,OUTBOUND,COMPLETED
SHP-00000500,PRD-00151,WH-WEST,2026-07-12,32,33,OUTBOUND,COMPLETED
SHP-00000501,PRD-00073,WH-WEST,2026-05-14,11,13,INBOUND,COMPLETED
SHP-00000502,PRD-00179,WH-WEST,2026-10-11,47,,OUTBOUND,SCHEDULED
SHP-00000503,PRD-00002,WH-CENTRAL,2026-04-16,20,20,INBOUND,COMPLETED
SHP-00000504,PRD-00111,WH-WEST,2026-04-30,21,18,INBOUND,COMPLETED
SHP-00000505,PRD-00160,WH-CENTRAL,2026-09-03,30,,OUTBOUND,SCHEDULED
SHP-00000506,PRD-00026,WH-EAST,2026-09-30,34,,INBOUND,DELAYED
SHP-00000507,PRD-00048,WH-WEST,2026-05-06,4,2,OUTBOUND,COMPLETED
SHP-00000508,PRD-00109,WH-CENTRAL,2026-06-06,47,48,OUTBOUND,COMPLETED
SHP-00000509,PRD-00107,WH-WEST,2026-04-11,15,17,INBOUND,COMPLETED
SHP-00000510,PRD-00182,WH-WEST,2026-08-18,23,,OUTBOUND,SCHEDULED
SHP-00000511,PRD-00192,WH-EAST,2026-04-10,23,25,OUTBOUND,COMPLETED
SHP-00000512,PRD-00020,WH-EAST,2026-06-13,11,10,INBOUND,COMPLETED
SHP-00000513,PRD-00043,WH-WEST,2026-05-08,24,21,OUTBOUND,COMPLETED
SHP-00000514,PRD-00167,WH-CENTRAL,2026-06-11,45,46,OUTBOUND,COMPLETED
SHP-00000515,PRD-00084,WH-EAST,2026-05-01,40,38,OUTBOUND,COMPLETED
SHP-00000516,PRD-00078,WH-EAST,2026-08-05,8,,OUTBOUND,SCHEDULED
SHP-00000517,PRD-00081,WH-WEST,2026-06-16,9,8,OUTBOUND,COMPLETED
SHP-00000518,PRD-00081,WH-CENTRAL,2026-04-19,37,37,INBOUND,COMPLETED
SHP-00000519,PRD-00200,WH-CENTRAL,2026-08-20,39,,OUTBOUND,SCHEDULED
SHP-00000520,PRD-00152,WH-CENTRAL,2026-09-22,12,,OUTBOUND,SCHEDULED
SHP-00000521,PRD-00188,WH-CENTRAL,2026-10-12,55,,INBOUND,SCHEDULED
SHP-00000522,PRD-00169,WH-WEST,2026-05-28,12,14,OUTBOUND,COMPLETED
SHP-00000523,PRD-00097,WH-CENTRAL,2026-05-03,20,20,INBOUND,COMPLETED
SHP-00000524,PRD-00156,WH-WEST,2026-05-25,41,38,INBOUND,COMPLETED
SHP-00000525,PRD-00104,WH-CENTRAL,2026-07-05,36,36,INBOUND,COMPLETED
SHP-00000526,PRD-00036,WH-EAST,2026-04-19,41,43,OUTBOUND,COMPLETED
SHP-00000527,PRD-00068,WH-WEST,2026-06-30,13,11,OUTBOUND,COMPLETED
SHP-00000528,PRD-00142,WH-CENTRAL,2026-04-17,47,49,INBOUND,COMPLETED
SHP-00000529,PRD-00130,WH-CENTRAL,2026-06-05,3,0,OUTBOUND,COMPLETED
SHP-00000530,PRD-00180,WH-EAST,2026-09-14,39,,OUTBOUND,SCHEDULED
SHP-00000531,PRD-00006,WH-WEST,2026-08-25,9,,OUTBOUND,SCHEDULED
SHP-00000532,PRD-00126,WH-WEST,2026-06-04,20,19,OUTBOUND,COMPLETED
SHP-00000533,PRD-00174,WH-CENTRAL,2026-07-14,28,28,OUTBOUND,COMPLETED
SHP-00000534,PRD-00114,WH-WEST,2026-05-27,47,46,OUTBOUND,COMPLETED
SHP-00000535,PRD-00114,WH-CENTRAL,2026-05-21,30,30,OUTBOUND,COMPLETED
SHP-00000536,PRD-00010,WH-CENTRAL,2026-10-22,48,,OUTBOUND,DELAYED
SHP-00000537,PRD-00071,WH-EAST,2026-09-07,17,,INBOUND,SCHEDULED
SHP-00000538,PRD-00122,WH-CENTRAL,2026-04-18,39,39,INBOUND,COMPLETED
SHP-00000539,PRD-00057,WH-WEST,2026-05-08,48,46,OUTBOUND,COMPLETED
SHP-00000540,PRD-00023,WH-CENTRAL,2026-10-10,10,,INBOUND,SCHEDULED
SHP-00000541,PRD-00173,WH-WEST,2026-06-10,15,15,INBOUND,COMPLETED
SHP-00000542,PRD-00128,WH-EAST,2026-05-17,21,,INBOUND,CANCELLED
SHP-00000543,PRD-00057,WH-EAST,2026-05-18,16,16,INBOUND,COMPLETED
SHP-00000544,PRD-00021,WH-WEST,2026-10-17,48,,OUTBOUND,SCHEDULED
SHP-00000545,PRD-00189,WH-CENTRAL,2026-06-13,23,23,OUTBOUND,COMPLETED
SHP-00000546,PRD-00189,WH-WEST,2026-09-26,33,,INBOUND,SCHEDULED
SHP-00000547,PRD-00162,WH-WEST,2026-08-07,15,,OUTBOUND,SCHEDULED
SHP-00000548,PRD-00067,WH-EAST,2026-05-29,32,32,OUTBOUND,COMPLETED
SHP-00000549,PRD-00118,WH-CENTRAL,2026-07-22,47,46,OUTBOUND,COMPLETED
SHP-00000550,PRD-00071,WH-EAST,2026-06-25,6,7,OUTBOUND,COMPLETED
SHP-00000551,PRD-00113,WH-EAST,2026-07-04,14,13,INBOUND,COMPLETED
SHP-00000552,PRD-00119,WH-WEST,2026-05-16,8,8,INBOUND,COMPLETED
SHP-00000553,PRD-00076,WH-EAST,2026-08-07,48,,OUTBOUND,SCHEDULED
SHP-00000554,PRD-00063,WH-CENTRAL,2026-06-26,41,40,OUTBOUND,COMPLETED
SHP-00000555,PRD-00077,WH-WEST,2026-05-31,30,30,INBOUND,COMPLETED
SHP-00000556,PRD-00129,WH-WEST,2026-05-11,43,44,OUTBOUND,COMPLETED
SHP-00000557,PRD-00063,WH-WEST,2026-08-29,27,,OUTBOUND,SCHEDULED
SHP-00000558,PRD-00163,WH-EAST,2026-05-12,26,28,INBOUND,COMPLETED
SHP-00000559,PRD-00020,WH-EAST,2026-05-21,23,23,INBOUND,COMPLETED
SHP-00000560,PRD-00182,WH-CENTRAL,2026-10-09,36,,OUTBOUND,DELAYED
SHP-00000561,PRD-00194,WH-CENTRAL,2026-05-08,15,14,OUTBOUND,COMPLETED
SHP-00000562,PRD-00106,WH-CENTRAL,2026-07-09,5,2,INBOUND,COMPLETED
SHP-00000563,PRD-00028,WH-CENTRAL,2026-09-05,19,,INBOUND,SCHEDULED
SHP-00000564,PRD-00007,WH-CENTRAL,2026-07-27,18,17,OUTBOUND,COMPLETED
SHP-00000565,PRD-00044,WH-WEST,2026-08-14,10,,INBOUND,SCHEDULED
SHP-00000566,PRD-00176,WH-EAST,2026-09-22,33,,INBOUND,SCHEDULED
SHP-00000567,PRD-00153,WH-EAST,2026-08-21,46,,OUTBOUND,SCHEDULED
SHP-00000568,PRD-00053,WH-EAST,2026-07-11,30,30,OUTBOUND,COMPLETED
SHP-00000569,PRD-00046,WH-WEST,2026-05-09,43,44,OUTBOUND,COMPLETED
SHP-00000570,PRD-00099,WH-CENTRAL,2026-10-22,50,,INBOUND,SCHEDULED
SHP-00000571,PRD-00115,WH-WEST,2026-09-12,14,,OUTBOUND,SCHEDULED
SHP-00000572,PRD-00025,WH-CENTRAL,2026-05-07,45,47,INBOUND,COMPLETED
SHP-00000573,PRD-00178,WH-CENTRAL,2026-07-30,21,23,OUTBOUND,COMPLETED
SHP-00000574,PRD-00118,WH-EAST,2026-09-11,8,,INBOUND,SCHEDULED
SHP-00000575,PRD-00109,WH-WEST,2026-06-29,4,1,INBOUND,COMPLETED
SHP-00000576,PRD-00193,WH-CENTRAL,2026-10-08,40,,OUTBOUND,DELAYED
SHP-00000577,PRD-00177,WH-CENTRAL,2026-05-30,37,39,INBOUND,COMPLETED
SHP-00000578,PRD-00078,WH-CENTRAL,2026-07-21,18,16,INBOUND,COMPLETED
SHP-00000579,PRD-00029,WH-EAST,2026-10-23,13,,OUTBOUND,SCHEDULED
SHP-00000580,PRD-00160,WH-WEST,2026-08-05,18,,INBOUND,SCHEDULED
SHP-00000581,PRD-00055,WH-EAST,2026-07-18,26,23,OUTBOUND,COMPLETED
SHP-00000582,PRD-00134,WH-WEST,2026-09-30,36,,INBOUND,SCHEDULED
SHP-00000583,PRD-00151,WH-EAST,2026-08-14,4,,INBOUND,DELAYED
SHP-00000584,PRD-00172,WH-WEST,2026-06-19,27,25,OUTBOUND,COMPLETED
SHP-00000585,PRD-00197,WH-WEST,2026-06-29,23,25,INBOUND,COMPLETED
SHP-00000586,PRD-00109,WH-WEST,2026-08-01,12,10,INBOUND,COMPLETED
SHP-00000587,PRD-00125,WH-CENTRAL,2026-08-09,34,,INBOUND,SCHEDULED
SHP-00000588,PRD-00080,WH-EAST,2026-09-22,31,,OUTBOUND,SCHEDULED
SHP-00000589,PRD-00002,WH-EAST,2026-09-28,5,,OUTBOUND,SCHEDULED
SHP-00000590,PRD-00163,WH-WEST,2026-10-15,21,,OUTBOUND,SCHEDULED
SHP-00000591,PRD-00163,WH-WEST,2026-05-03,43,43,OUTBOUND,COMPLETED
SHP-00000592,PRD-00006,WH-WEST,2026-05-15,11,10,INBOUND,COMPLETED
SHP-00000593,PRD-00014,WH-WEST,2026-09-25,53,,INBOUND,SCHEDULED
SHP-00000594,PRD-00020,WH-EAST,2026-08-27,47,,INBOUND,DELAYED
SHP-00000595,PRD-00033,WH-WEST,2026-04-23,21,21,INBOUND,COMPLETED
SHP-00000596,PRD-00126,WH-WEST,2026-09-27,23,,INBOUND,SCHEDULED
SHP-00000597,PRD-00042,WH-WEST,2026-09-26,19,,INBOUND,DELAYED
SHP-00000598,PRD-00165,WH-WEST,2026-07-29,11,13,INBOUND,COMPLETED
SHP-00000599,PRD-00107,WH-EAST,2026-08-08,28,,INBOUND,SCHEDULED
SHP-00000600,PRD-00166,WH-EAST,2026-06-19,40,,INBOUND,CANCELLED
SHP-00000601,PRD-00094,WH-CENTRAL,2026-07-26,46,45,OUTBOUND,COMPLETED
SHP-00000602,PRD-00102,WH-EAST,2026-07-19,23,23,OUTBOUND,COMPLETED
SHP-00000603,PRD-00173,WH-EAST,2026-05-29,35,35,INBOUND,COMPLETED
SHP-00000604,PRD-00014,WH-CENTRAL,2026-05-21,43,42,OUTBOUND,COMPLETED
SHP-00000605,PRD-00030,WH-WEST,2026-04-04,48,46,OUTBOUND,COMPLETED
SHP-00000606,PRD-00063,WH-WEST,2026-10-01,36,,OUTBOUND,SCHEDULED
SHP-00000607,PRD-00100,WH-CENTRAL,2026-10-15,21,,OUTBOUND,SCHEDULED
SHP-00000608,PRD-00187,WH-EAST,2026-09-27,42,,OUTBOUND,SCHEDULED
SHP-00000609,PRD-00068,WH-WEST,2026-04-11,15,13,INBOUND,COMPLETED
SHP-00000610,PRD-00105,WH-WEST,2026-04-03,29,29,INBOUND,COMPLETED
SHP-00000611,PRD-00048,WH-CENTRAL,2026-07-25,55,57,INBOUND,COMPLETED
SHP-00000612,PRD-00019,WH-CENTRAL,2026-08-22,31,,INBOUND,SCHEDULED
SHP-00000613,PRD-00136,WH-CENTRAL,2026-10-19,32,,OUTBOUND,SCHEDULED
SHP-00000614,PRD-00087,WH-CENTRAL,2026-06-02,9,6,INBOUND,COMPLETED
SHP-00000615,PRD-00063,WH-CENTRAL,2026-06-29,13,13,INBOUND,COMPLETED
SHP-00000616,PRD-00047,WH-EAST,2026-04-23,33,33,OUTBOUND,COMPLETED
SHP-00000617,PRD-00072,WH-EAST,2026-10-18,30,,INBOUND,SCHEDULED
SHP-00000618,PRD-00087,WH-EAST,2026-07-31,20,17,INBOUND,COMPLETED
SHP-00000619,PRD-00155,WH-EAST,2026-08-08,22,,INBOUND,DELAYED
SHP-00000620,PRD-00119,WH-EAST,2026-05-05,19,17,OUTBOUND,COMPLETED
SHP-00000621,PRD-00094,WH-WEST,2026-06-28,46,43,INBOUND,COMPLETED
SHP-00000622,PRD-00036,WH-EAST,2026-10-06,11,,INBOUND,SCHEDULED
SHP-00000623,PRD-00108,WH-WEST,2026-09-26,9,,OUTBOUND,SCHEDULED
SHP-00000624,PRD-00071,WH-WEST,2026-09-07,18,,OUTBOUND,SCHEDULED
SHP-00000625,PRD-00071,WH-WEST,2026-10-17,44,,OUTBOUND,SCHEDULED
SHP-00000626,PRD-00047,WH-EAST,2026-07-17,15,16,OUTBOUND,COMPLETED
SHP-00000627,PRD-00126,WH-EAST,2026-08-02,27,,INBOUND,SCHEDULED
SHP-00000628,PRD-00184,WH-EAST,2026-07-16,35,34,OUTBOUND,COMPLETED
SHP-00000629,PRD-00005,WH-EAST,2026-05-19,35,33,INBOUND,COMPLETED
SHP-00000630,PRD-00061,WH-CENTRAL,2026-08-28,48,,INBOUND,SCHEDULED
SHP-00000631,PRD-00118,WH-CENTRAL,2026-05-23,42,43,INBOUND,COMPLETED
SHP-00000632,PRD-00105,WH-EAST,2026-07-16,31,31,OUTBOUND,COMPLETED
SHP-00000633,PRD-00192,WH-CENTRAL,2026-07-15,10,7,INBOUND,COMPLETED
SHP-00000634,PRD-00115,WH-CENTRAL,2026-07-13,16,14,OUTBOUND,COMPLETED
SHP-00000635,PRD-00059,WH-EAST,2026-07-31,51,,INBOUND,DELAYED
SHP-00000636,PRD-00143,WH-EAST,2026-04-13,20,17,INBOUND,COMPLETED
SHP-00000637,PRD-00199,WH-WEST,2026-04-13,42,42,INBOUND,COMPLETED
SHP-00000638,PRD-00109,WH-CENTRAL,2026-06-12,44,41,INBOUND,COMPLETED
SHP-00000639,PRD-00065,WH-EAST,2026-05-11,10,10,OUTBOUND,COMPLETED
SHP-00000640,PRD-00094,WH-CENTRAL,2026-08-03,37,,INBOUND,SCHEDULED
SHP-00000641,PRD-00052,WH-EAST,2026-07-09,31,31,OUTBOUND,COMPLETED
SHP-00000642,PRD-00031,WH-EAST,2026-05-20,23,23,OUTBOUND,COMPLETED
SHP-00000643,PRD-00023,WH-EAST,2026-06-28,41,41,OUTBOUND,COMPLETED
SHP-00000644,PRD-00166,WH-CENTRAL,2026-09-18,8,,INBOUND,SCHEDULED
SHP-00000645,PRD-00011,WH-CENTRAL,2026-06-19,40,41,INBOUND,COMPLETED
SHP-00000646,PRD-00137,WH-WEST,2026-09-03,38,,INBOUND,SCHEDULED
SHP-00000647,PRD-00180,WH-EAST,2026-06-30,39,41,INBOUND,COMPLETED
SHP-00000648,PRD-00011,WH-CENTRAL,2026-05-03,42,41,OUTBOUND,COMPLETED
SHP-00000649,PRD-00072,WH-CENTRAL,2026-09-29,19,,OUTBOUND,SCHEDULED
SHP-00000650,PRD-00114,WH-CENTRAL,2026-08-19,53,,INBOUND,SCHEDULED
SHP-00000651,PRD-00009,WH-CENTRAL,2026-10-19,19,,INBOUND,SCHEDULED
SHP-00000652,PRD-00001,WH-WEST,2026-08-15,24,,OUTBOUND,SCHEDULED
SHP-00000653,PRD-00039,WH-WEST,2026-04-06,17,19,INBOUND,COMPLETED
SHP-00000654,PRD-00093,WH-WEST,2026-09-01,37,,OUTBOUND,SCHEDULED
SHP-00000655,PRD-00184,WH-WEST,2026-06-25,37,39,OUTBOUND,COMPLETED
SHP-00000656,PRD-00108,WH-WEST,2026-04-22,37,37,OUTBOUND,COMPLETED
SHP-00000657,PRD-00163,WH-CENTRAL,2026-05-29,14,14,OUTBOUND,COMPLETED
SHP-00000658,PRD-00117,WH-WEST,2026-05-17,31,33,INBOUND,COMPLETED
SHP-00000659,PRD-00084,WH-CENTRAL,2026-10-22,24,,OUTBOUND,DELAYED
SHP-00000660,PRD-00022,WH-EAST,2026-06-03,18,19,OUTBOUND,COMPLETED
SHP-00000661,PRD-00057,WH-EAST,2026-05-31,20,18,OUTBOUND,COMPLETED
SHP-00000662,PRD-00094,WH-CENTRAL,2026-04-18,28,28,OUTBOUND,COMPLETED
SHP-00000663,PRD-00092,WH-WEST,2026-04-20,11,11,OUTBOUND,COMPLETED
SHP-00000664,PRD-00082,WH-CENTRAL,2026-06-14,19,20,INBOUND,COMPLETED
SHP-00000665,PRD-00192,WH-CENTRAL,2026-10-30,11,,OUTBOUND,SCHEDULED
SHP-00000666,PRD-00072,WH-EAST,2026-07-09,48,50,OUTBOUND,COMPLETED
SHP-00000667,PRD-00053,WH-WEST,2026-06-05,50,51,INBOUND,COMPLETED
SHP-00000668,PRD-00184,WH-WEST,2026-04-22,16,14,INBOUND,COMPLETED
SHP-00000669,PRD-00014,WH-WEST,2026-08-09,24,,INBOUND,SCHEDULED
SHP-00000670,PRD-00184,WH-EAST,2026-07-31,54,51,INBOUND,COMPLETED
SHP-00000671,PRD-00176,WH-WEST,2026-07-30,32,30,INBOUND,COMPLETED
SHP-00000672,PRD-00058,WH-WEST,2026-10-11,19,,OUTBOUND,SCHEDULED
SHP-00000673,PRD-00007,WH-WEST,2026-08-06,34,,INBOUND,SCHEDULED
SHP-00000674,PRD-00159,WH-WEST,2026-10-20,38,,OUTBOUND,SCHEDULED
SHP-00000675,PRD-00089,WH-EAST,2026-07-11,10,12,OUTBOUND,COMPLETED
SHP-00000676,PRD-00196,WH-CENTRAL,2026-04-05,37,37,OUTBOUND,COMPLETED
SHP-00000677,PRD-00114,WH-EAST,2026-04-24,4,6,OUTBOUND,COMPLETED
SHP-00000678,PRD-00180,WH-WEST,2026-09-01,47,,OUTBOUND,SCHEDULED
SHP-00000679,PRD-00102,WH-CENTRAL,2026-09-17,4,,INBOUND,SCHEDULED
SHP-00000680,PRD-00030,WH-EAST,2026-06-16,44,,OUTBOUND,CANCELLED
SHP-00000681,PRD-00184,WH-EAST,2026-08-31,41,,OUTBOUND,SCHEDULED
SHP-00000682,PRD-00145,WH-WEST,2026-08-08,27,,INBOUND,SCHEDULED
SHP-00000683,PRD-00119,WH-EAST,2026-10-01,10,,INBOUND,SCHEDULED
SHP-00000684,PRD-00168,WH-CENTRAL,2026-07-22,42,41,OUTBOUND,COMPLETED
SHP-00000685,PRD-00113,WH-CENTRAL,2026-06-26,48,50,INBOUND,COMPLETED
SHP-00000686,PRD-00196,WH-WEST,2026-05-27,19,19,INBOUND,COMPLETED
SHP-00000687,PRD-00085,WH-EAST,2026-05-20,42,39,OUTBOUND,COMPLETED
SHP-00000688,PRD-00005,WH-CENTRAL,2026-07-23,24,24,INBOUND,COMPLETED
SHP-00000689,PRD-00111,WH-EAST,2026-10-27,47,,INBOUND,SCHEDULED
SHP-00000690,PRD-00078,WH-EAST,2026-10-02,32,,INBOUND,SCHEDULED
SHP-00000691,PRD-00078,WH-EAST,2026-09-20,27,,INBOUND,SCHEDULED
SHP-00000692,PRD-00120,WH-EAST,2026-04-22,13,13,OUTBOUND,COMPLETED
SHP-00000693,PRD-00118,WH-WEST,2026-09-05,23,,INBOUND,DELAYED
SHP-00000694,PRD-00146,WH-CENTRAL,2026-06-08,26,28,OUTBOUND,COMPLETED
SHP-00000695,PRD-00071,WH-WEST,2026-06-27,40,40,INBOUND,COMPLETED
SHP-00000696,PRD-00188,WH-EAST,2026-07-07,25,27,INBOUND,COMPLETED
SHP-00000697,PRD-00005,WH-WEST,2026-10-13,24,,OUTBOUND,SCHEDULED
SHP-00000698,PRD-00087,WH-CENTRAL,2026-09-11,46,,OUTBOUND,SCHEDULED
SHP-00000699,PRD-00124,WH-EAST,2026-06-24,34,33,INBOUND,COMPLETED
SHP-00000700,PRD-00126,WH-EAST,2026-05-30,20,21,INBOUND,COMPLETED
SHP-00000701,PRD-00165,WH-WEST,2026-05-22,47,46,OUTBOUND,COMPLETED
SHP-00000702,PRD-00100,WH-EAST,2026-09-17,50,,INBOUND,SCHEDULED
SHP-00000703,PRD-00106,WH-EAST,2026-08-30,21,,OUTBOUND,SCHEDULED
SHP-00000704,PRD-00007,WH-EAST,2026-09-27,42,,OUTBOUND,SCHEDULED
SHP-00000705,PRD-00051,WH-CENTRAL,2026-05-25,19,21,INBOUND,COMPLETED
SHP-00000706,PRD-00079,WH-WEST,2026-06-17,30,31,OUTBOUND,COMPLETED
SHP-00000707,PRD-00190,WH-CENTRAL,2026-10-21,30,,INBOUND,SCHEDULED
SHP-00000708,PRD-00075,WH-CENTRAL,2026-10-16,5,,OUTBOUND,SCHEDULED
SHP-00000709,PRD-00108,WH-CENTRAL,2026-09-29,28,,OUTBOUND,SCHEDULED
SHP-00000710,PRD-00076,WH-WEST,2026-05-18,14,13,OUTBOUND,COMPLETED
SHP-00000711,PRD-00091,WH-WEST,2026-04-04,19,18,OUTBOUND,COMPLETED
SHP-00000712,PRD-00192,WH-WEST,2026-08-06,46,,INBOUND,SCHEDULED
SHP-00000713,PRD-00116,WH-CENTRAL,2026-09-15,36,,OUTBOUND,SCHEDULED
SHP-00000714,PRD-00140,WH-CENTRAL,2026-04-29,30,27,INBOUND,COMPLETED
SHP-00000715,PRD-00128,WH-WEST,2026-08-08,42,,OUTBOUND,SCHEDULED
SHP-00000716,PRD-00175,WH-WEST,2026-07-07,18,15,INBOUND,COMPLETED
SHP-00000717,PRD-00094,WH-WEST,2026-09-30,27,,OUTBOUND,SCHEDULED
SHP-00000718,PRD-00045,WH-CENTRAL,2026-04-16,46,43,OUTBOUND,COMPLETED
SHP-00000719,PRD-00193,WH-EAST,2026-07-12,28,30,INBOUND,COMPLETED
SHP-00000720,PRD-00132,WH-CENTRAL,2026-07-18,28,28,OUTBOUND,COMPLETED
SHP-00000721,PRD-00094,WH-EAST,2026-08-04,43,,OUTBOUND,DELAYED
SHP-00000722,PRD-00083,WH-EAST,2026-06-30,19,19,OUTBOUND,COMPLETED
SHP-00000723,PRD-00028,WH-EAST,2026-07-13,29,29,OUTBOUND,COMPLETED
SHP-00000724,PRD-00008,WH-CENTRAL,2026-10-25,22,,INBOUND,SCHEDULED
SHP-00000725,PRD-00196,WH-CENTRAL,2026-04-14,38,38,OUTBOUND,COMPLETED
SHP-00000726,PRD-00113,WH-WEST,2026-06-16,3,3,OUTBOUND,COMPLETED
SHP-00000727,PRD-00137,WH-EAST,2026-04-27,29,28,OUTBOUND,COMPLETED
SHP-00000728,PRD-00108,WH-CENTRAL,2026-07-10,12,12,OUTBOUND,COMPLETED
SHP-00000729,PRD-00185,WH-CENTRAL,2026-04-03,44,44,INBOUND,COMPLETED
SHP-00000730,PRD-00100,WH-EAST,2026-08-13,25,,OUTBOUND,SCHEDULED
SHP-00000731,PRD-00008,WH-EAST,2026-05-16,38,38,OUTBOUND,COMPLETED
SHP-00000732,PRD-00157,WH-WEST,2026-05-21,20,22,OUTBOUND,COMPLETED
SHP-00000733,PRD-00114,WH-CENTRAL,2026-05-16,7,6,INBOUND,COMPLETED
SHP-00000734,PRD-00167,WH-CENTRAL,2026-05-10,36,36,OUTBOUND,COMPLETED
SHP-00000735,PRD-00018,WH-CENTRAL,2026-04-30,26,24,INBOUND,COMPLETED
SHP-00000736,PRD-00009,WH-CENTRAL,2026-10-16,18,,OUTBOUND,SCHEDULED
SHP-00000737,PRD-00092,WH-EAST,2026-08-14,26,,INBOUND,SCHEDULED
SHP-00000738,PRD-00071,WH-EAST,2026-09-16,55,,INBOUND,SCHEDULED
SHP-00000739,PRD-00115,WH-WEST,2026-04-07,7,7,OUTBOUND,COMPLETED
SHP-00000740,PRD-00115,WH-WEST,2026-06-02,29,27,OUTBOUND,COMPLETED
SHP-00000741,PRD-00121,WH-CENTRAL,2026-04-23,47,49,OUTBOUND,COMPLETED
SHP-00000742,PRD-00146,WH-CENTRAL,2026-09-29,4,,OUTBOUND,SCHEDULED
SHP-00000743,PRD-00027,WH-CENTRAL,2026-05-19,5,3,INBOUND,COMPLETED
SHP-00000744,PRD-00006,WH-WEST,2026-07-11,6,4,INBOUND,COMPLETED
SHP-00000745,PRD-00062,WH-WEST,2026-04-17,13,15,OUTBOUND,COMPLETED
SHP-00000746,PRD-00197,WH-EAST,2026-06-02,29,29,OUTBOUND,COMPLETED
SHP-00000747,PRD-00173,WH-CENTRAL,2026-10-14,44,,OUTBOUND,SCHEDULED
SHP-00000748,PRD-00076,WH-CENTRAL,2026-09-11,23,,OUTBOUND,SCHEDULED
SHP-00000749,PRD-00016,WH-WEST,2026-10-20,35,,INBOUND,SCHEDULED
SHP-00000750,PRD-00094,WH-EAST,2026-06-14,25,25,INBOUND,COMPLETED
SHP-00000751,PRD-00049,WH-CENTRAL,2026-10-05,35,,OUTBOUND,SCHEDULED
SHP-00000752,PRD-00108,WH-CENTRAL,2026-06-21,10,10,INBOUND,COMPLETED
SHP-00000753,PRD-00173,WH-CENTRAL,2026-04-10,24,21,OUTBOUND,COMPLETED
SHP-00000754,PRD-00118,WH-CENTRAL,2026-04-29,6,7,INBOUND,COMPLETED
SHP-00000755,PRD-00098,WH-EAST,2026-09-09,34,,OUTBOUND,SCHEDULED
SHP-00000756,PRD-00185,WH-EAST,2026-09-09,19,,OUTBOUND,SCHEDULED
SHP-00000757,PRD-00174,WH-EAST,2026-04-29,23,24,INBOUND,COMPLETED
SHP-00000758,PRD-00006,WH-CENTRAL,2026-10-10,6,,OUTBOUND,SCHEDULED
SHP-00000759,PRD-00090,WH-CENTRAL,2026-07-30,39,39,OUTBOUND,COMPLETED
SHP-00000760,PRD-00123,WH-EAST,2026-09-14,17,,OUTBOUND,SCHEDULED
SHP-00000761,PRD-00189,WH-CENTRAL,2026-08-11,53,,INBOUND,SCHEDULED
SHP-00000762,PRD-00004,WH-CENTRAL,2026-08-12,28,,INBOUND,SCHEDULED
SHP-00000763,PRD-00183,WH-CENTRAL,2026-04-25,52,53,INBOUND,COMPLETED
SHP-00000764,PRD-00166,WH-WEST,2026-05-13,9,9,INBOUND,COMPLETED
SHP-00000765,PRD-00181,WH-CENTRAL,2026-05-23,18,18,INBOUND,COMPLETED
SHP-00000766,PRD-00121,WH-EAST,2026-06-08,4,3,INBOUND,COMPLETED
SHP-00000767,PRD-00111,WH-WEST,2026-05-03,33,31,INBOUND,COMPLETED
SHP-00000768,PRD-00014,WH-EAST,2026-04-03,45,45,INBOUND,COMPLETED
SHP-00000769,PRD-00195,WH-EAST,2026-04-23,5,5,OUTBOUND,COMPLETED
SHP-00000770,PRD-00137,WH-WEST,2026-08-01,48,49,INBOUND,COMPLETED
SHP-00000771,PRD-00043,WH-CENTRAL,2026-04-10,25,25,OUTBOUND,COMPLETED
SHP-00000772,PRD-00177,WH-CENTRAL,2026-06-15,21,23,OUTBOUND,COMPLETED
SHP-00000773,PRD-00055,WH-EAST,2026-05-31,54,55,INBOUND,COMPLETED
SHP-00000774,PRD-00100,WH-WEST,2026-04-19,5,7,OUTBOUND,COMPLETED
SHP-00000775,PRD-00066,WH-CENTRAL,2026-10-26,30,,OUTBOUND,SCHEDULED
SHP-00000776,PRD-00156,WH-WEST,2026-10-14,9,,OUTBOUND,DELAYED
SHP-00000777,PRD-00152,WH-WEST,2026-04-21,39,39,INBOUND,COMPLETED
SHP-00000778,PRD-00103,WH-CENTRAL,2026-04-25,37,34,INBOUND,COMPLETED
SHP-00000779,PRD-00080,WH-CENTRAL,2026-10-27,28,,INBOUND,SCHEDULED
SHP-00000780,PRD-00040,WH-CENTRAL,2026-09-16,26,,INBOUND,SCHEDULED
SHP-00000781,PRD-00197,WH-CENTRAL,2026-08-04,18,,INBOUND,SCHEDULED
SHP-00000782,PRD-00143,WH-CENTRAL,2026-06-21,46,46,OUTBOUND,COMPLETED
SHP-00000783,PRD-00005,WH-EAST,2026-08-05,48,,INBOUND,SCHEDULED
SHP-00000784,PRD-00064,WH-CENTRAL,2026-04-12,38,36,INBOUND,COMPLETED
SHP-00000785,PRD-00054,WH-WEST,2026-06-08,15,16,OUTBOUND,COMPLETED
SHP-00000786,PRD-00037,WH-WEST,2026-10-15,32,,INBOUND,DELAYED
SHP-00000787,PRD-00016,WH-EAST,2026-10-21,33,,INBOUND,CANCELLED
SHP-00000788,PRD-00038,WH-WEST,2026-06-09,51,51,INBOUND,COMPLETED
SHP-00000789,PRD-00161,WH-CENTRAL,2026-05-15,35,34,OUTBOUND,COMPLETED
SHP-00000790,PRD-00030,WH-WEST,2026-10-25,5,,INBOUND,SCHEDULED
SHP-00000791,PRD-00050,WH-CENTRAL,2026-04-28,8,8,OUTBOUND,COMPLETED
SHP-00000792,PRD-00102,WH-EAST,2026-09-06,33,,OUTBOUND,SCHEDULED
SHP-00000793,PRD-00023,WH-CENTRAL,2026-09-24,27,,INBOUND,DELAYED
SHP-00000794,PRD-00174,WH-EAST,2026-06-06,38,38,OUTBOUND,COMPLETED
SHP-00000795,PRD-00101,WH-EAST,2026-09-27,21,,INBOUND,SCHEDULED
SHP-00000796,PRD-00001,WH-EAST,2026-10-08,14,,OUTBOUND,SCHEDULED
SHP-00000797,PRD-00105,WH-CENTRAL,2026-08-29,6,,OUTBOUND,CANCELLED
SHP-00000798,PRD-00170,WH-EAST,2026-05-11,39,37,OUTBOUND,COMPLETED
SHP-00000799,PRD-00007,WH-WEST,2026-08-28,26,,OUTBOUND,SCHEDULED
SHP-00000800,PRD-00066,WH-WEST,2026-06-09,16,13,INBOUND,COMPLETED
SHP-00000801,PRD-00029,WH-WEST,2026-07-10,26,24,INBOUND,COMPLETED
SHP-00000802,PRD-00167,WH-EAST,2026-10-19,31,,OUTBOUND,SCHEDULED
SHP-00000803,PRD-00066,WH-WEST,2026-07-09,38,40,INBOUND,COMPLETED
SHP-00000804,PRD-00178,WH-WEST,2026-09-20,19,,OUTBOUND,CANCELLED
SHP-00000805,PRD-00085,WH-WEST,2026-06-26,44,44,INBOUND,COMPLETED
SHP-00000806,PRD-00147,WH-EAST,2026-07-23,16,18,OUTBOUND,COMPLETED
SHP-00000807,PRD-00105,WH-EAST,2026-05-28,29,29,OUTBOUND,COMPLETED
SHP-00000808,PRD-00012,WH-EAST,2026-05-11,28,25,INBOUND,COMPLETED
SHP-00000809,PRD-00200,WH-CENTRAL,2026-09-26,45,,OUTBOUND,SCHEDULED
SHP-00000810,PRD-00179,WH-EAST,2026-05-08,40,38,INBOUND,COMPLETED
SHP-00000811,PRD-00046,WH-CENTRAL,2026-06-11,44,46,INBOUND,COMPLETED
SHP-00000812,PRD-00010,WH-EAST,2026-07-11,6,6,INBOUND,COMPLETED
SHP-00000813,PRD-00162,WH-WEST,2026-08-03,4,,INBOUND,DELAYED
SHP-00000814,PRD-00177,WH-EAST,2026-06-12,28,27,OUTBOUND,COMPLETED
SHP-00000815,PRD-00085,WH-EAST,2026-07-14,32,32,OUTBOUND,COMPLETED
SHP-00000816,PRD-00140,WH-WEST,2026-09-05,49,,INBOUND,SCHEDULED
SHP-00000817,PRD-00106,WH-EAST,2026-08-03,48,,OUTBOUND,SCHEDULED
SHP-00000818,PRD-00040,WH-WEST,2026-06-11,31,31,OUTBOUND,COMPLETED
SHP-00000819,PRD-00106,WH-CENTRAL,2026-06-30,7,7,OUTBOUND,COMPLETED
SHP-00000820,PRD-00040,WH-CENTRAL,2026-08-08,44,,OUTBOUND,SCHEDULED
SHP-00000821,PRD-00171,WH-WEST,2026-05-13,52,50,INBOUND,COMPLETED
SHP-00000822,PRD-00165,WH-CENTRAL,2026-10-30,5,,OUTBOUND,SCHEDULED
SHP-00000823,PRD-00178,WH-WEST,2026-07-24,31,31,INBOUND,COMPLETED
SHP-00000824,PRD-00104,WH-WEST,2026-10-27,38,,OUTBOUND,SCHEDULED
SHP-00000825,PRD-00073,WH-CENTRAL,2026-09-15,55,,INBOUND,SCHEDULED
SHP-00000826,PRD-00077,WH-EAST,2026-06-30,40,40,INBOUND,COMPLETED
SHP-00000827,PRD-00033,WH-EAST,2026-04-20,29,28,OUTBOUND,COMPLETED
SHP-00000828,PRD-00177,WH-WEST,2026-08-30,22,,OUTBOUND,SCHEDULED
SHP-00000829,PRD-00066,WH-CENTRAL,2026-05-10,27,27,OUTBOUND,COMPLETED
SHP-00000830,PRD-00097,WH-CENTRAL,2026-05-22,46,45,OUTBOUND,COMPLETED
SHP-00000831,PRD-00132,WH-EAST,2026-10-01,44,,INBOUND,SCHEDULED
SHP-00000832,PRD-00136,WH-WEST,2026-05-16,9,10,INBOUND,COMPLETED
SHP-00000833,PRD-00047,WH-EAST,2026-05-19,33,32,OUTBOUND,COMPLETED
SHP-00000834,PRD-00087,WH-EAST,2026-07-11,33,33,OUTBOUND,COMPLETED
SHP-00000835,PRD-00056,WH-EAST,2026-10-15,11,,OUTBOUND,SCHEDULED
SHP-00000836,PRD-00186,WH-EAST,2026-04-22,33,33,OUTBOUND,COMPLETED
SHP-00000837,PRD-00002,WH-CENTRAL,2026-09-21,50,,INBOUND,DELAYED
SHP-00000838,PRD-00156,WH-WEST,2026-10-21,25,,OUTBOUND,SCHEDULED
SHP-00000839,PRD-00069,WH-WEST,2026-06-14,19,17,OUTBOUND,COMPLETED
SHP-00000840,PRD-00065,WH-EAST,2026-04-04,32,31,INBOUND,COMPLETED
SHP-00000841,PRD-00045,WH-CENTRAL,2026-06-08,50,52,INBOUND,COMPLETED
SHP-00000842,PRD-00126,WH-WEST,2026-06-27,27,29,OUTBOUND,COMPLETED
SHP-00000843,PRD-00166,WH-CENTRAL,2026-06-21,29,29,OUTBOUND,COMPLETED
SHP-00000844,PRD-00090,WH-CENTRAL,2026-08-08,34,,OUTBOUND,SCHEDULED
SHP-00000845,PRD-00114,WH-CENTRAL,2026-06-10,30,29,OUTBOUND,COMPLETED
SHP-00000846,PRD-00052,WH-WEST,2026-08-23,21,,OUTBOUND,SCHEDULED
SHP-00000847,PRD-00006,WH-WEST,2026-10-21,48,,OUTBOUND,SCHEDULED
SHP-00000848,PRD-00108,WH-WEST,2026-09-18,4,,OUTBOUND,SCHEDULED
SHP-00000849,PRD-00027,WH-EAST,2026-09-29,52,,INBOUND,SCHEDULED
SHP-00000850,PRD-00171,WH-EAST,2026-09-12,26,,OUTBOUND,SCHEDULED
SHP-00000851,PRD-00072,WH-WEST,2026-08-07,36,,OUTBOUND,SCHEDULED
SHP-00000852,PRD-00129,WH-WEST,2026-06-15,41,41,INBOUND,COMPLETED
SHP-00000853,PRD-00011,WH-EAST,2026-06-03,21,20,INBOUND,COMPLETED
SHP-00000854,PRD-00017,WH-EAST,2026-06-24,27,27,OUTBOUND,COMPLETED
SHP-00000855,PRD-00004,WH-EAST,2026-06-13,12,12,INBOUND,COMPLETED
SHP-00000856,PRD-00160,WH-CENTRAL,2026-06-13,52,52,INBOUND,COMPLETED
SHP-00000857,PRD-00101,WH-WEST,2026-07-23,8,7,INBOUND,COMPLETED
SHP-00000858,PRD-00031,WH-EAST,2026-09-16,31,,OUTBOUND,CANCELLED
SHP-00000859,PRD-00094,WH-WEST,2026-07-31,13,13,OUTBOUND,COMPLETED
SHP-00000860,PRD-00045,WH-WEST,2026-06-03,21,22,OUTBOUND,COMPLETED
SHP-00000861,PRD-00167,WH-WEST,2026-10-01,39,,INBOUND,DELAYED
SHP-00000862,PRD-00128,WH-CENTRAL,2026-04-04,17,17,OUTBOUND,COMPLETED
SHP-00000863,PRD-00166,WH-CENTRAL,2026-09-02,21,,OUTBOUND,SCHEDULED
SHP-00000864,PRD-00185,WH-EAST,2026-08-10,34,,INBOUND,SCHEDULED
SHP-00000865,PRD-00012,WH-CENTRAL,2026-08-31,26,,INBOUND,DELAYED
SHP-00000866,PRD-00120,WH-CENTRAL,2026-10-09,43,,OUTBOUND,SCHEDULED
SHP-00000867,PRD-00154,WH-EAST,2026-07-06,38,38,INBOUND,COMPLETED
SHP-00000868,PRD-00149,WH-CENTRAL,2026-09-02,10,,OUTBOUND,DELAYED
SHP-00000869,PRD-00085,WH-EAST,2026-04-16,21,23,INBOUND,COMPLETED
SHP-00000870,PRD-00060,WH-CENTRAL,2026-06-19,14,13,OUTBOUND,COMPLETED
SHP-00000871,PRD-00191,WH-EAST,2026-08-29,21,,INBOUND,SCHEDULED
SHP-00000872,PRD-00191,WH-WEST,2026-09-22,22,,INBOUND,SCHEDULED
SHP-00000873,PRD-00013,WH-EAST,2026-04-08,27,26,OUTBOUND,COMPLETED
SHP-00000874,PRD-00097,WH-EAST,2026-05-22,15,12,INBOUND,COMPLETED
SHP-00000875,PRD-00137,WH-EAST,2026-05-27,46,46,INBOUND,COMPLETED
SHP-00000876,PRD-00043,WH-CENTRAL,2026-05-04,52,51,INBOUND,COMPLETED
SHP-00000877,PRD-00134,WH-CENTRAL,2026-09-22,51,,INBOUND,SCHEDULED
SHP-00000878,PRD-00070,WH-EAST,2026-09-29,43,,OUTBOUND,SCHEDULED
SHP-00000879,PRD-00188,WH-CENTRAL,2026-05-05,43,40,OUTBOUND,COMPLETED
SHP-00000880,PRD-00164,WH-WEST,2026-05-05,40,37,OUTBOUND,COMPLETED
SHP-00000881,PRD-00120,WH-CENTRAL,2026-09-09,33,,OUTBOUND,SCHEDULED
SHP-00000882,PRD-00074,WH-WEST,2026-09-26,8,,INBOUND,DELAYED
SHP-00000883,PRD-00122,WH-EAST,2026-09-06,21,,INBOUND,SCHEDULED
SHP-00000884,PRD-00017,WH-CENTRAL,2026-07-12,10,11,OUTBOUND,COMPLETED
SHP-00000885,PRD-00059,WH-EAST,2026-10-21,30,,INBOUND,SCHEDULED
SHP-00000886,PRD-00111,WH-CENTRAL,2026-06-19,25,24,INBOUND,COMPLETED
SHP-00000887,PRD-00107,WH-CENTRAL,2026-08-24,22,,OUTBOUND,SCHEDULED
SHP-00000888,PRD-00126,WH-EAST,2026-10-28,23,,OUTBOUND,SCHEDULED
SHP-00000889,PRD-00001,WH-CENTRAL,2026-08-27,34,,OUTBOUND,SCHEDULED
SHP-00000890,PRD-00170,WH-EAST,2026-09-24,29,,OUTBOUND,SCHEDULED
SHP-00000891,PRD-00024,WH-EAST,2026-07-08,10,7,OUTBOUND,COMPLETED
SHP-00000892,PRD-00096,WH-EAST,2026-10-03,22,,OUTBOUND,SCHEDULED
SHP-00000893,PRD-00126,WH-CENTRAL,2026-06-03,6,6,OUTBOUND,COMPLETED
SHP-00000894,PRD-00138,WH-CENTRAL,2026-06-09,34,34,INBOUND,COMPLETED
SHP-00000895,PRD-00060,WH-CENTRAL,2026-04-16,11,11,INBOUND,COMPLETED
SHP-00000896,PRD-00198,WH-CENTRAL,2026-10-08,4,,OUTBOUND,SCHEDULED
SHP-00000897,PRD-00060,WH-CENTRAL,2026-04-24,36,36,INBOUND,COMPLETED
SHP-00000898,PRD-00074,WH-CENTRAL,2026-07-04,27,28,OUTBOUND,COMPLETED
SHP-00000899,PRD-00079,WH-CENTRAL,2026-05-25,9,11,OUTBOUND,COMPLETED
SHP-00000900,PRD-00159,WH-WEST,2026-07-19,30,30,INBOUND,COMPLETED
SHP-00000901,PRD-00014,WH-CENTRAL,2026-04-05,3,5,OUTBOUND,COMPLETED
SHP-00000902,PRD-00177,WH-EAST,2026-06-11,55,53,INBOUND,COMPLETED
SHP-00000903,PRD-00029,WH-EAST,2026-06-21,31,32,OUTBOUND,COMPLETED
SHP-00000904,PRD-00042,WH-EAST,2026-09-18,23,,OUTBOUND,SCHEDULED
SHP-00000905,PRD-00027,WH-WEST,2026-09-14,32,,INBOUND,SCHEDULED
SHP-00000906,PRD-00075,WH-EAST,2026-09-19,22,,INBOUND,SCHEDULED
SHP-00000907,PRD-00114,WH-WEST,2026-05-03,27,27,OUTBOUND,COMPLETED
SHP-00000908,PRD-00163,WH-WEST,2026-10-20,9,,INBOUND,SCHEDULED
SHP-00000909,PRD-00128,WH-EAST,2026-08-31,25,,OUTBOUND,SCHEDULED
SHP-00000910,PRD-00161,WH-CENTRAL,2026-08-05,53,,INBOUND,SCHEDULED
SHP-00000911,PRD-00128,WH-CENTRAL,2026-07-11,42,42,OUTBOUND,COMPLETED
SHP-00000912,PRD-00037,WH-EAST,2026-10-01,18,,OUTBOUND,SCHEDULED
SHP-00000913,PRD-00130,WH-EAST,2026-04-24,21,21,OUTBOUND,COMPLETED
SHP-00000914,PRD-00195,WH-CENTRAL,2026-07-07,6,6,OUTBOUND,COMPLETED
SHP-00000915,PRD-00049,WH-CENTRAL,2026-07-15,22,23,OUTBOUND,COMPLETED
SHP-00000916,PRD-00101,WH-WEST,2026-05-15,8,8,OUTBOUND,COMPLETED
SHP-00000917,PRD-00020,WH-CENTRAL,2026-08-24,7,,INBOUND,SCHEDULED
SHP-00000918,PRD-00048,WH-WEST,2026-06-09,12,12,INBOUND,COMPLETED
SHP-00000919,PRD-00135,WH-CENTRAL,2026-08-06,41,,OUTBOUND,SCHEDULED
SHP-00000920,PRD-00121,WH-EAST,2026-05-09,22,21,OUTBOUND,COMPLETED
SHP-00000921,PRD-00049,WH-EAST,2026-06-12,34,34,INBOUND,COMPLETED
SHP-00000922,PRD-00064,WH-CENTRAL,2026-09-10,52,,INBOUND,SCHEDULED
SHP-00000923,PRD-00100,WH-WEST,2026-05-04,25,26,OUTBOUND,COMPLETED
SHP-00000924,PRD-00106,WH-CENTRAL,2026-05-15,31,33,OUTBOUND,COMPLETED
SHP-00000925,PRD-00080,WH-WEST,2026-08-23,50,,INBOUND,SCHEDULED
SHP-00000926,PRD-00090,WH-CENTRAL,2026-05-01,36,36,OUTBOUND,COMPLETED
SHP-00000927,PRD-00029,WH-EAST,2026-04-29,43,40,OUTBOUND,COMPLETED
SHP-00000928,PRD-00171,WH-EAST,2026-04-08,48,46,OUTBOUND,COMPLETED
SHP-00000929,PRD-00030,WH-CENTRAL,2026-08-06,25,,OUTBOUND,SCHEDULED
SHP-00000930,PRD-00123,WH-CENTRAL,2026-05-10,23,25,OUTBOUND,COMPLETED
SHP-00000931,PRD-00193,WH-WEST,2026-09-30,45,,OUTBOUND,SCHEDULED
SHP-00000932,PRD-00084,WH-WEST,2026-07-29,20,18,INBOUND,COMPLETED
SHP-00000933,PRD-00074,WH-WEST,2026-04-18,33,33,INBOUND,COMPLETED
SHP-00000934,PRD-00143,WH-WEST,2026-09-26,19,,OUTBOUND,SCHEDULED
SHP-00000935,PRD-00099,WH-CENTRAL,2026-07-07,23,23,OUTBOUND,COMPLETED
SHP-00000936,PRD-00050,WH-WEST,2026-08-31,27,,OUTBOUND,SCHEDULED
SHP-00000937,PRD-00125,WH-CENTRAL,2026-08-08,27,,OUTBOUND,SCHEDULED
SHP-00000938,PRD-00141,WH-EAST,2026-06-28,26,26,INBOUND,COMPLETED
SHP-00000939,PRD-00168,WH-CENTRAL,2026-04-07,44,46,OUTBOUND,COMPLETED
SHP-00000940,PRD-00049,WH-EAST,2026-04-27,5,7,OUTBOUND,COMPLETED
SHP-00000941,PRD-00192,WH-CENTRAL,2026-05-29,13,10,INBOUND,COMPLETED
SHP-00000942,PRD-00062,WH-EAST,2026-04-29,13,10,OUTBOUND,COMPLETED
SHP-00000943,PRD-00199,WH-WEST,2026-10-30,37,,OUTBOUND,DELAYED
SHP-00000944,PRD-00010,WH-CENTRAL,2026-07-10,28,26,OUTBOUND,COMPLETED
SHP-00000945,PRD-00153,WH-EAST,2026-09-24,30,,OUTBOUND,SCHEDULED
SHP-00000946,PRD-00107,WH-CENTRAL,2026-09-05,39,,OUTBOUND,SCHEDULED
SHP-00000947,PRD-00056,WH-CENTRAL,2026-04-21,7,7,INBOUND,COMPLETED
SHP-00000948,PRD-00031,WH-CENTRAL,2026-05-31,21,21,OUTBOUND,COMPLETED
SHP-00000949,PRD-00049,WH-EAST,2026-05-08,15,15,OUTBOUND,COMPLETED
SHP-00000950,PRD-00055,WH-EAST,2026-07-09,17,18,OUTBOUND,COMPLETED
SHP-00000951,PRD-00024,WH-CENTRAL,2026-04-12,47,45,OUTBOUND,COMPLETED
SHP-00000952,PRD-00133,WH-CENTRAL,2026-10-14,24,,OUTBOUND,SCHEDULED
SHP-00000953,PRD-00124,WH-CENTRAL,2026-07-20,24,26,OUTBOUND,COMPLETED
SHP-00000954,PRD-00156,WH-EAST,2026-08-17,42,,OUTBOUND,DELAYED
SHP-00000955,PRD-00126,WH-WEST,2026-08-09,12,,INBOUND,SCHEDULED
SHP-00000956,PRD-00114,WH-WEST,2026-05-10,22,22,INBOUND,COMPLETED
SHP-00000957,PRD-00138,WH-EAST,2026-08-15,4,,INBOUND,SCHEDULED
SHP-00000958,PRD-00183,WH-WEST,2026-07-02,19,20,OUTBOUND,COMPLETED
SHP-00000959,PRD-00071,WH-CENTRAL,2026-09-04,55,,INBOUND,SCHEDULED
SHP-00000960,PRD-00157,WH-WEST,2026-10-27,19,,OUTBOUND,SCHEDULED
SHP-00000961,PRD-00039,WH-CENTRAL,2026-06-09,27,27,INBOUND,COMPLETED
SHP-00000962,PRD-00111,WH-EAST,2026-09-23,43,,OUTBOUND,DELAYED
SHP-00000963,PRD-00095,WH-CENTRAL,2026-08-15,3,,OUTBOUND,DELAYED
SHP-00000964,PRD-00035,WH-WEST,2026-04-28,31,29,OUTBOUND,COMPLETED
SHP-00000965,PRD-00148,WH-EAST,2026-08-04,17,,INBOUND,SCHEDULED
SHP-00000966,PRD-00122,WH-EAST,2026-05-09,26,,INBOUND,CANCELLED
SHP-00000967,PRD-00007,WH-CENTRAL,2026-05-29,48,48,INBOUND,COMPLETED
SHP-00000968,PRD-00112,WH-CENTRAL,2026-08-05,35,,OUTBOUND,DELAYED
SHP-00000969,PRD-00170,WH-WEST,2026-06-24,34,34,OUTBOUND,COMPLETED
SHP-00000970,PRD-00168,WH-EAST,2026-05-28,32,31,INBOUND,COMPLETED
SHP-00000971,PRD-00161,WH-EAST,2026-10-03,35,,OUTBOUND,SCHEDULED
SHP-00000972,PRD-00095,WH-EAST,2026-05-06,29,27,INBOUND,COMPLETED
SHP-00000973,PRD-00159,WH-CENTRAL,2026-09-06,13,,OUTBOUND,SCHEDULED
SHP-00000974,PRD-00101,WH-CENTRAL,2026-08-26,42,,OUTBOUND,SCHEDULED
SHP-00000975,PRD-00128,WH-EAST,2026-06-08,43,41,INBOUND,COMPLETED
SHP-00000976,PRD-00043,WH-EAST,2026-08-22,24,,INBOUND,SCHEDULED
SHP-00000977,PRD-00196,WH-CENTRAL,2026-10-05,37,,INBOUND,SCHEDULED
SHP-00000978,PRD-00122,WH-EAST,2026-10-12,17,,INBOUND,SCHEDULED
SHP-00000979,PRD-00069,WH-CENTRAL,2026-04-30,51,49,INBOUND,COMPLETED
SHP-00000980,PRD-00042,WH-WEST,2026-10-05,15,,OUTBOUND,SCHEDULED
SHP-00000981,PRD-00103,WH-EAST,2026-10-27,17,,INBOUND,DELAYED
SHP-00000982,PRD-00056,WH-WEST,2026-09-14,16,,INBOUND,SCHEDULED
SHP-00000983,PRD-00056,WH-WEST,2026-08-28,20,,INBOUND,SCHEDULED
SHP-00000984,PRD-00128,WH-EAST,2026-04-05,24,24,INBOUND,COMPLETED
SHP-00000985,PRD-00129,WH-CENTRAL,2026-09-19,15,,INBOUND,SCHEDULED
SHP-00000986,PRD-00032,WH-CENTRAL,2026-09-23,35,,INBOUND,SCHEDULED
SHP-00000987,PRD-00081,WH-EAST,2026-07-11,28,25,INBOUND,COMPLETED
SHP-00000988,PRD-00174,WH-CENTRAL,2026-06-08,47,47,INBOUND,COMPLETED
SHP-00000989,PRD-00020,WH-CENTRAL,2026-05-11,54,56,INBOUND,COMPLETED
SHP-00000990,PRD-00037,WH-CENTRAL,2026-06-16,40,38,OUTBOUND,COMPLETED
SHP-00000991,PRD-00168,WH-WEST,2026-09-29,40,,INBOUND,SCHEDULED
SHP-00000992,PRD-00048,WH-EAST,2026-06-09,10,7,INBOUND,COMPLETED
SHP-00000993,PRD-00074,WH-EAST,2026-07-22,11,8,INBOUND,COMPLETED
SHP-00000994,PRD-00066,WH-WEST,2026-07-21,37,37,OUTBOUND,COMPLETED
SHP-00000995,PRD-00020,WH-WEST,2026-09-16,13,,INBOUND,SCHEDULED
SHP-00000996,PRD-00116,WH-EAST,2026-06-21,40,42,INBOUND,COMPLETED
SHP-00000997,PRD-00151,WH-CENTRAL,2026-07-18,31,32,OUTBOUND,COMPLETED
SHP-00000998,PRD-00098,WH-CENTRAL,2026-04-07,53,52,INBOUND,COMPLETED
SHP-00000999,PRD-00067,WH-CENTRAL,2026-04-06,6,7,OUTBOUND,COMPLETED
SHP-00001000,PRD-00003,WH-EAST,2026-05-17,36,36,INBOUND,COMPLETED
SHP-00001001,PRD-00172,WH-WEST,2026-06-04,14,12,INBOUND,COMPLETED
SHP-00001002,PRD-00123,WH-WEST,2026-07-04,44,43,OUTBOUND,COMPLETED
SHP-00001003,PRD-00061,WH-WEST,2026-09-25,36,,INBOUND,DELAYED
SHP-00001004,PRD-00194,WH-WEST,2026-08-28,53,,INBOUND,DELAYED
SHP-00001005,PRD-00137,WH-EAST,2026-08-31,47,,INBOUND,DELAYED
SHP-00001006,PRD-00125,WH-EAST,2026-10-29,8,,INBOUND,SCHEDULED
SHP-00001007,PRD-00023,WH-EAST,2026-10-09,54,,INBOUND,SCHEDULED
SHP-00001008,PRD-00135,WH-WEST,2026-08-28,16,,OUTBOUND,SCHEDULED
SHP-00001009,PRD-00132,WH-EAST,2026-05-27,38,38,INBOUND,COMPLETED
SHP-00001010,PRD-00046,WH-CENTRAL,2026-08-15,30,,INBOUND,SCHEDULED
SHP-00001011,PRD-00161,WH-CENTRAL,2026-10-15,10,,INBOUND,SCHEDULED
SHP-00001012,PRD-00149,WH-WEST,2026-06-30,42,41,INBOUND,COMPLETED
SHP-00001013,PRD-00185,WH-WEST,2026-06-22,41,43,OUTBOUND,COMPLETED
SHP-00001014,PRD-00182,WH-WEST,2026-05-15,11,11,OUTBOUND,COMPLETED
SHP-00001015,PRD-00011,WH-EAST,2026-08-28,6,,INBOUND,SCHEDULED
SHP-00001016,PRD-00099,WH-EAST,2026-10-16,46,,INBOUND,SCHEDULED
SHP-00001017,PRD-00142,WH-WEST,2026-10-25,23,,OUTBOUND,SCHEDULED
SHP-00001018,PRD-00011,WH-WEST,2026-05-30,6,5,INBOUND,COMPLETED
SHP-00001019,PRD-00120,WH-WEST,2026-09-16,46,,OUTBOUND,SCHEDULED
SHP-00001020,PRD-00052,WH-WEST,2026-10-20,36,,INBOUND,SCHEDULED
SHP-00001021,PRD-00050,WH-CENTRAL,2026-07-28,9,7,OUTBOUND,COMPLETED
SHP-00001022,PRD-00176,WH-WEST,2026-09-05,37,,OUTBOUND,SCHEDULED
SHP-00001023,PRD-00159,WH-WEST,2026-08-18,47,,OUTBOUND,SCHEDULED
SHP-00001024,PRD-00134,WH-CENTRAL,2026-07-06,8,8,INBOUND,COMPLETED
SHP-00001025,PRD-00041,WH-CENTRAL,2026-05-16,31,33,OUTBOUND,COMPLETED
SHP-00001026,PRD-00118,WH-WEST,2026-04-15,23,24,OUTBOUND,COMPLETED
SHP-00001027,PRD-00054,WH-CENTRAL,2026-07-31,8,8,OUTBOUND,COMPLETED
SHP-00001028,PRD-00048,WH-WEST,2026-04-03,39,37,INBOUND,COMPLETED
SHP-00001029,PRD-00149,WH-EAST,2026-06-15,31,31,OUTBOUND,COMPLETED
SHP-00001030,PRD-00156,WH-EAST,2026-06-26,3,2,OUTBOUND,COMPLETED
SHP-00001031,PRD-00125,WH-WEST,2026-07-26,25,22,OUTBOUND,COMPLETED
SHP-00001032,PRD-00110,WH-EAST,2026-07-28,13,12,OUTBOUND,COMPLETED
SHP-00001033,PRD-00175,WH-CENTRAL,2026-06-09,12,12,INBOUND,COMPLETED
SHP-00001034,PRD-00143,WH-WEST,2026-07-19,36,33,OUTBOUND,COMPLETED
SHP-00001035,PRD-00178,WH-CENTRAL,2026-05-07,23,22,INBOUND,COMPLETED
SHP-00001036,PRD-00147,WH-EAST,2026-05-26,29,27,INBOUND,COMPLETED
SHP-00001037,PRD-00133,WH-EAST,2026-04-30,41,41,OUTBOUND,COMPLETED
SHP-00001038,PRD-00072,WH-CENTRAL,2026-07-16,49,49,INBOUND,COMPLETED
SHP-00001039,PRD-00156,WH-CENTRAL,2026-05-11,45,44,OUTBOUND,COMPLETED
SHP-00001040,PRD-00065,WH-WEST,2026-10-05,35,,OUTBOUND,SCHEDULED
SHP-00001041,PRD-00190,WH-CENTRAL,2026-06-17,18,17,OUTBOUND,COMPLETED
SHP-00001042,PRD-00186,WH-CENTRAL,2026-07-31,32,31,OUTBOUND,COMPLETED
SHP-00001043,PRD-00162,WH-WEST,2026-06-28,30,30,INBOUND,COMPLETED
SHP-00001044,PRD-00077,WH-EAST,2026-09-21,47,,OUTBOUND,SCHEDULED
SHP-00001045,PRD-00132,WH-EAST,2026-05-19,15,12,OUTBOUND,COMPLETED
SHP-00001046,PRD-00097,WH-CENTRAL,2026-10-14,17,,OUTBOUND,SCHEDULED
SHP-00001047,PRD-00147,WH-EAST,2026-09-06,35,,OUTBOUND,SCHEDULED
SHP-00001048,PRD-00110,WH-CENTRAL,2026-04-10,48,46,OUTBOUND,COMPLETED
SHP-00001049,PRD-00124,WH-EAST,2026-10-18,48,,INBOUND,SCHEDULED
SHP-00001050,PRD-00035,WH-CENTRAL,2026-09-24,35,,INBOUND,SCHEDULED
SHP-00001051,PRD-00131,WH-CENTRAL,2026-08-02,44,,OUTBOUND,SCHEDULED
SHP-00001052,PRD-00067,WH-CENTRAL,2026-08-15,23,,OUTBOUND,SCHEDULED
SHP-00001053,PRD-00079,WH-WEST,2026-06-27,9,8,INBOUND,COMPLETED
SHP-00001054,PRD-00141,WH-CENTRAL,2026-04-06,47,44,INBOUND,COMPLETED
SHP-00001055,PRD-00051,WH-WEST,2026-06-22,17,17,OUTBOUND,COMPLETED
SHP-00001056,PRD-00136,WH-WEST,2026-09-24,32,,INBOUND,SCHEDULED
SHP-00001057,PRD-00138,WH-EAST,2026-10-02,37,,INBOUND,DELAYED
SHP-00001058,PRD-00182,WH-WEST,2026-06-09,17,17,OUTBOUND,COMPLETED
SHP-00001059,PRD-00183,WH-EAST,2026-10-06,36,,INBOUND,SCHEDULED
SHP-00001060,PRD-00164,WH-EAST,2026-04-25,26,23,OUTBOUND,COMPLETED
SHP-00001061,PRD-00153,WH-EAST,2026-07-07,37,37,INBOUND,COMPLETED
SHP-00001062,PRD-00121,WH-WEST,2026-05-16,13,13,INBOUND,COMPLETED
SHP-00001063,PRD-00115,WH-WEST,2026-08-06,28,,OUTBOUND,SCHEDULED
SHP-00001064,PRD-00026,WH-CENTRAL,2026-05-26,30,32,OUTBOUND,COMPLETED
SHP-00001065,PRD-00072,WH-WEST,2026-07-08,11,8,INBOUND,COMPLETED
SHP-00001066,PRD-00028,WH-WEST,2026-04-23,36,38,INBOUND,COMPLETED
SHP-00001067,PRD-00117,WH-CENTRAL,2026-10-01,18,,INBOUND,SCHEDULED
SHP-00001068,PRD-00062,WH-WEST,2026-07-21,19,16,INBOUND,COMPLETED
SHP-00001069,PRD-00195,WH-CENTRAL,2026-05-09,18,20,INBOUND,COMPLETED
SHP-00001070,PRD-00193,WH-EAST,2026-08-04,28,,OUTBOUND,SCHEDULED
SHP-00001071,PRD-00096,WH-WEST,2026-04-17,53,54,INBOUND,COMPLETED
SHP-00001072,PRD-00184,WH-WEST,2026-10-07,44,,OUTBOUND,SCHEDULED
SHP-00001073,PRD-00082,WH-CENTRAL,2026-07-17,16,14,INBOUND,COMPLETED
SHP-00001074,PRD-00155,WH-WEST,2026-07-12,14,15,OUTBOUND,COMPLETED
SHP-00001075,PRD-00038,WH-CENTRAL,2026-04-05,34,34,INBOUND,COMPLETED
SHP-00001076,PRD-00124,WH-WEST,2026-06-10,13,12,OUTBOUND,COMPLETED
SHP-00001077,PRD-00010,WH-EAST,2026-10-29,39,,OUTBOUND,SCHEDULED
SHP-00001078,PRD-00043,WH-EAST,2026-04-17,42,42,OUTBOUND,COMPLETED
SHP-00001079,PRD-00014,WH-EAST,2026-09-19,34,,OUTBOUND,CANCELLED
SHP-00001080,PRD-00063,WH-EAST,2026-09-19,35,,INBOUND,SCHEDULED
SHP-00001081,PRD-00019,WH-WEST,2026-04-24,23,23,INBOUND,COMPLETED
SHP-00001082,PRD-00194,WH-CENTRAL,2026-09-20,48,,INBOUND,SCHEDULED
SHP-00001083,PRD-00023,WH-CENTRAL,2026-06-15,23,22,OUTBOUND,COMPLETED
SHP-00001084,PRD-00045,WH-EAST,2026-09-01,5,,OUTBOUND,SCHEDULED
SHP-00001085,PRD-00067,WH-WEST,2026-08-01,50,48,INBOUND,COMPLETED
SHP-00001086,PRD-00089,WH-WEST,2026-06-29,15,17,INBOUND,COMPLETED
SHP-00001087,PRD-00182,WH-EAST,2026-09-12,14,,INBOUND,SCHEDULED
SHP-00001088,PRD-00049,WH-WEST,2026-04-05,47,47,OUTBOUND,COMPLETED
SHP-00001089,PRD-00143,WH-WEST,2026-09-24,25,,INBOUND,SCHEDULED
SHP-00001090,PRD-00066,WH-CENTRAL,2026-06-20,4,5,OUTBOUND,COMPLETED
SHP-00001091,PRD-00071,WH-WEST,2026-05-06,47,47,OUTBOUND,COMPLETED
SHP-00001092,PRD-00141,WH-EAST,2026-06-30,8,7,INBOUND,COMPLETED
SHP-00001093,PRD-00031,WH-CENTRAL,2026-04-13,43,40,OUTBOUND,COMPLETED
SHP-00001094,PRD-00025,WH-EAST,2026-06-10,33,34,INBOUND,COMPLETED
SHP-00001095,PRD-00142,WH-CENTRAL,2026-06-29,15,17,INBOUND,COMPLETED
SHP-00001096,PRD-00164,WH-WEST,2026-06-30,4,4,INBOUND,COMPLETED
SHP-00001097,PRD-00052,WH-EAST,2026-09-01,34,,INBOUND,CANCELLED
SHP-00001098,PRD-00137,WH-EAST,2026-10-05,14,,INBOUND,SCHEDULED
SHP-00001099,PRD-00178,WH-EAST,2026-08-02,7,,OUTBOUND,SCHEDULED
SHP-00001100,PRD-00144,WH-WEST,2026-04-29,8,8,INBOUND,COMPLETED
SHP-00001101,PRD-00144,WH-EAST,2026-05-19,48,50,OUTBOUND,COMPLETED
SHP-00001102,PRD-00197,WH-WEST,2026-08-25,33,,INBOUND,SCHEDULED
SHP-00001103,PRD-00038,WH-WEST,2026-09-18,29,,OUTBOUND,SCHEDULED
SHP-00001104,PRD-00027,WH-WEST,2026-04-27,5,4,OUTBOUND,COMPLETED
SHP-00001105,PRD-00097,WH-CENTRAL,2026-09-04,48,,INBOUND,SCHEDULED
SHP-00001106,PRD-00021,WH-CENTRAL,2026-10-04,25,,INBOUND,DELAYED
SHP-00001107,PRD-00081,WH-WEST,2026-07-30,10,8,OUTBOUND,COMPLETED
SHP-00001108,PRD-00154,WH-CENTRAL,2026-07-20,49,46,INBOUND,COMPLETED
SHP-00001109,PRD-00117,WH-EAST,2026-10-03,41,,OUTBOUND,SCHEDULED
SHP-00001110,PRD-00123,WH-CENTRAL,2026-05-09,41,40,INBOUND,COMPLETED
SHP-00001111,PRD-00176,WH-WEST,2026-07-02,21,18,INBOUND,COMPLETED
SHP-00001112,PRD-00003,WH-CENTRAL,2026-08-24,40,,INBOUND,SCHEDULED
SHP-00001113,PRD-00015,WH-EAST,2026-08-08,15,,OUTBOUND,SCHEDULED
SHP-00001114,PRD-00022,WH-CENTRAL,2026-09-29,37,,INBOUND,SCHEDULED
SHP-00001115,PRD-00026,WH-EAST,2026-10-06,28,,INBOUND,SCHEDULED
SHP-00001116,PRD-00149,WH-CENTRAL,2026-10-05,27,,INBOUND,SCHEDULED
SHP-00001117,PRD-00170,WH-EAST,2026-10-19,34,,OUTBOUND,SCHEDULED
SHP-00001118,PRD-00013,WH-CENTRAL,2026-09-30,32,,INBOUND,DELAYED
SHP-00001119,PRD-00174,WH-WEST,2026-04-13,13,12,INBOUND,COMPLETED
SHP-00001120,PRD-00155,WH-EAST,2026-08-04,34,,OUTBOUND,SCHEDULED
SHP-00001121,PRD-00136,WH-EAST,2026-07-03,49,49,INBOUND,COMPLETED
SHP-00001122,PRD-00050,WH-EAST,2026-05-25,10,12,OUTBOUND,COMPLETED
SHP-00001123,PRD-00185,WH-CENTRAL,2026-05-28,38,38,OUTBOUND,COMPLETED
SHP-00001124,PRD-00132,WH-WEST,2026-05-10,49,49,INBOUND,COMPLETED
SHP-00001125,PRD-00154,WH-CENTRAL,2026-04-11,46,44,INBOUND,COMPLETED
SHP-00001126,PRD-00115,WH-EAST,2026-08-10,21,,OUTBOUND,SCHEDULED
SHP-00001127,PRD-00167,WH-WEST,2026-08-02,24,,OUTBOUND,SCHEDULED
SHP-00001128,PRD-00028,WH-CENTRAL,2026-09-29,28,,OUTBOUND,CANCELLED
SHP-00001129,PRD-00162,WH-EAST,2026-04-06,39,39,OUTBOUND,COMPLETED
SHP-00001130,PRD-00116,WH-CENTRAL,2026-10-08,14,,INBOUND,DELAYED
SHP-00001131,PRD-00159,WH-WEST,2026-10-17,31,,INBOUND,SCHEDULED
SHP-00001132,PRD-00144,WH-CENTRAL,2026-06-30,19,20,INBOUND,COMPLETED
SHP-00001133,PRD-00151,WH-CENTRAL,2026-10-11,18,,OUTBOUND,CANCELLED
SHP-00001134,PRD-00140,WH-CENTRAL,2026-07-09,29,26,INBOUND,COMPLETED
SHP-00001135,PRD-00200,WH-WEST,2026-05-10,45,47,INBOUND,COMPLETED
SHP-00001136,PRD-00085,WH-WEST,2026-10-21,13,,INBOUND,DELAYED
SHP-00001137,PRD-00183,WH-WEST,2026-08-08,55,,INBOUND,SCHEDULED
SHP-00001138,PRD-00164,WH-EAST,2026-06-02,19,17,OUTBOUND,COMPLETED
SHP-00001139,PRD-00167,WH-EAST,2026-07-12,44,44,OUTBOUND,COMPLETED
SHP-00001140,PRD-00185,WH-WEST,2026-05-20,42,43,OUTBOUND,COMPLETED
SHP-00001141,PRD-00016,WH-WEST,2026-10-29,10,,OUTBOUND,SCHEDULED
SHP-00001142,PRD-00098,WH-WEST,2026-07-06,42,42,INBOUND,COMPLETED
SHP-00001143,PRD-00186,WH-EAST,2026-05-11,28,29,INBOUND,COMPLETED
SHP-00001144,PRD-00118,WH-CENTRAL,2026-04-24,11,9,OUTBOUND,COMPLETED
SHP-00001145,PRD-00106,WH-WEST,2026-09-13,11,,OUTBOUND,SCHEDULED
SHP-00001146,PRD-00175,WH-CENTRAL,2026-04-25,22,22,OUTBOUND,COMPLETED
SHP-00001147,PRD-00184,WH-CENTRAL,2026-09-21,17,,OUTBOUND,SCHEDULED
SHP-00001148,PRD-00027,WH-CENTRAL,2026-04-11,40,42,OUTBOUND,COMPLETED
SHP-00001149,PRD-00133,WH-EAST,2026-08-03,33,,OUTBOUND,SCHEDULED
SHP-00001150,PRD-00058,WH-CENTRAL,2026-08-22,17,,OUTBOUND,SCHEDULED
SHP-00001151,PRD-00017,WH-CENTRAL,2026-08-14,20,,OUTBOUND,SCHEDULED
SHP-00001152,PRD-00098,WH-CENTRAL,2026-09-07,4,,INBOUND,SCHEDULED
SHP-00001153,PRD-00185,WH-EAST,2026-10-17,41,,INBOUND,SCHEDULED
SHP-00001154,PRD-00179,WH-CENTRAL,2026-04-25,12,12,INBOUND,COMPLETED
SHP-00001155,PRD-00003,WH-CENTRAL,2026-05-06,18,20,INBOUND,COMPLETED
SHP-00001156,PRD-00065,WH-WEST,2026-04-12,5,7,OUTBOUND,COMPLETED
SHP-00001157,PRD-00044,WH-WEST,2026-05-06,24,26,OUTBOUND,COMPLETED
SHP-00001158,PRD-00047,WH-WEST,2026-10-24,29,,OUTBOUND,SCHEDULED
SHP-00001159,PRD-00126,WH-WEST,2026-08-01,15,16,OUTBOUND,COMPLETED
SHP-00001160,PRD-00146,WH-EAST,2026-08-10,44,,OUTBOUND,SCHEDULED
SHP-00001161,PRD-00014,WH-WEST,2026-10-11,22,,INBOUND,SCHEDULED
SHP-00001162,PRD-00171,WH-WEST,2026-09-08,27,,INBOUND,SCHEDULED
SHP-00001163,PRD-00160,WH-CENTRAL,2026-04-06,21,21,OUTBOUND,COMPLETED
SHP-00001164,PRD-00162,WH-EAST,2026-08-23,8,,INBOUND,SCHEDULED
SHP-00001165,PRD-00059,WH-CENTRAL,2026-10-03,14,,OUTBOUND,SCHEDULED
SHP-00001166,PRD-00159,WH-WEST,2026-06-07,32,34,OUTBOUND,COMPLETED
SHP-00001167,PRD-00200,WH-CENTRAL,2026-08-26,4,,OUTBOUND,SCHEDULED
SHP-00001168,PRD-00021,WH-EAST,2026-08-02,43,,INBOUND,SCHEDULED
SHP-00001169,PRD-00031,WH-CENTRAL,2026-05-29,19,17,OUTBOUND,COMPLETED
SHP-00001170,PRD-00035,WH-WEST,2026-06-24,10,8,OUTBOUND,COMPLETED
SHP-00001171,PRD-00053,WH-CENTRAL,2026-09-15,32,,INBOUND,SCHEDULED
SHP-00001172,PRD-00094,WH-EAST,2026-05-14,43,42,OUTBOUND,COMPLETED
SHP-00001173,PRD-00012,WH-CENTRAL,2026-05-03,47,46,INBOUND,COMPLETED
SHP-00001174,PRD-00191,WH-WEST,2026-08-01,40,38,INBOUND,COMPLETED
SHP-00001175,PRD-00122,WH-CENTRAL,2026-09-12,5,,INBOUND,SCHEDULED
SHP-00001176,PRD-00182,WH-CENTRAL,2026-06-16,11,11,OUTBOUND,COMPLETED
SHP-00001177,PRD-00049,WH-CENTRAL,2026-10-17,27,,INBOUND,DELAYED
SHP-00001178,PRD-00060,WH-CENTRAL,2026-06-04,31,28,OUTBOUND,COMPLETED
SHP-00001179,PRD-00048,WH-EAST,2026-05-04,40,41,INBOUND,COMPLETED
SHP-00001180,PRD-00062,WH-WEST,2026-07-16,21,21,INBOUND,COMPLETED
SHP-00001181,PRD-00156,WH-WEST,2026-09-07,45,,OUTBOUND,SCHEDULED
SHP-00001182,PRD-00169,WH-EAST,2026-06-24,5,3,INBOUND,COMPLETED
SHP-00001183,PRD-00164,WH-EAST,2026-04-07,9,9,INBOUND,COMPLETED
SHP-00001184,PRD-00108,WH-CENTRAL,2026-10-07,18,,INBOUND,SCHEDULED
SHP-00001185,PRD-00018,WH-CENTRAL,2026-08-06,43,,OUTBOUND,SCHEDULED
SHP-00001186,PRD-00079,WH-WEST,2026-10-06,4,,OUTBOUND,SCHEDULED
SHP-00001187,PRD-00172,WH-EAST,2026-04-30,4,5,OUTBOUND,COMPLETED
SHP-00001188,PRD-00104,WH-CENTRAL,2026-04-08,52,53,INBOUND,COMPLETED
SHP-00001189,PRD-00015,WH-EAST,2026-05-13,23,23,OUTBOUND,COMPLETED
SHP-00001190,PRD-00147,WH-EAST,2026-06-10,36,36,OUTBOUND,COMPLETED
SHP-00001191,PRD-00090,WH-EAST,2026-05-17,6,4,OUTBOUND,COMPLETED
SHP-00001192,PRD-00114,WH-EAST,2026-10-05,34,,OUTBOUND,SCHEDULED
SHP-00001193,PRD-00161,WH-WEST,2026-07-17,12,14,OUTBOUND,COMPLETED
SHP-00001194,PRD-00049,WH-EAST,2026-06-21,34,32,INBOUND,COMPLETED
SHP-00001195,PRD-00017,WH-EAST,2026-06-16,32,29,INBOUND,COMPLETED
SHP-00001196,PRD-00058,WH-CENTRAL,2026-07-31,16,16,OUTBOUND,COMPLETED
SHP-00001197,PRD-00088,WH-WEST,2026-05-02,32,29,OUTBOUND,COMPLETED
SHP-00001198,PRD-00127,WH-WEST,2026-05-14,41,43,INBOUND,COMPLETED
SHP-00001199,PRD-00012,WH-CENTRAL,2026-08-17,52,,INBOUND,SCHEDULED
SHP-00001200,PRD-00071,WH-WEST,2026-04-12,34,31,INBOUND,COMPLETED
SHP-00001201,PRD-00109,WH-CENTRAL,2026-09-23,15,,INBOUND,SCHEDULED
SHP-00001202,PRD-00180,WH-CENTRAL,2026-08-20,33,,INBOUND,SCHEDULED
SHP-00001203,PRD-00056,WH-CENTRAL,2026-10-21,17,,INBOUND,SCHEDULED
SHP-00001204,PRD-00058,WH-CENTRAL,2026-04-15,35,34,INBOUND,COMPLETED
SHP-00001205,PRD-00150,WH-WEST,2026-08-17,24,,INBOUND,SCHEDULED
SHP-00001206,PRD-00027,WH-CENTRAL,2026-04-29,42,41,INBOUND,COMPLETED
SHP-00001207,PRD-00088,WH-CENTRAL,2026-05-29,36,36,OUTBOUND,COMPLETED
SHP-00001208,PRD-00137,WH-CENTRAL,2026-08-23,7,,INBOUND,SCHEDULED
SHP-00001209,PRD-00180,WH-CENTRAL,2026-04-06,18,17,OUTBOUND,COMPLETED
SHP-00001210,PRD-00036,WH-WEST,2026-05-14,28,29,OUTBOUND,COMPLETED
SHP-00001211,PRD-00142,WH-WEST,2026-06-11,8,6,OUTBOUND,COMPLETED
SHP-00001212,PRD-00199,WH-WEST,2026-07-22,46,45,INBOUND,COMPLETED
SHP-00001213,PRD-00032,WH-EAST,2026-05-23,34,34,OUTBOUND,COMPLETED
SHP-00001214,PRD-00132,WH-CENTRAL,2026-04-04,20,20,INBOUND,COMPLETED
SHP-00001215,PRD-00157,WH-CENTRAL,2026-08-28,23,,OUTBOUND,SCHEDULED
SHP-00001216,PRD-00041,WH-CENTRAL,2026-05-23,24,22,OUTBOUND,COMPLETED
SHP-00001217,PRD-00092,WH-WEST,2026-04-14,30,28,OUTBOUND,COMPLETED
SHP-00001218,PRD-00057,WH-EAST,2026-09-21,46,,OUTBOUND,DELAYED
SHP-00001219,PRD-00041,WH-WEST,2026-07-13,46,46,INBOUND,COMPLETED
SHP-00001220,PRD-00071,WH-CENTRAL,2026-09-24,40,,INBOUND,SCHEDULED
SHP-00001221,PRD-00177,WH-CENTRAL,2026-08-22,25,,OUTBOUND,SCHEDULED
SHP-00001222,PRD-00143,WH-WEST,2026-07-11,44,46,OUTBOUND,COMPLETED
SHP-00001223,PRD-00130,WH-WEST,2026-07-13,13,,INBOUND,CANCELLED
SHP-00001224,PRD-00129,WH-EAST,2026-07-10,35,32,OUTBOUND,COMPLETED
SHP-00001225,PRD-00112,WH-WEST,2026-05-22,6,4,INBOUND,COMPLETED
SHP-00001226,PRD-00076,WH-WEST,2026-10-17,7,,INBOUND,SCHEDULED
SHP-00001227,PRD-00158,WH-WEST,2026-06-13,21,18,INBOUND,COMPLETED
SHP-00001228,PRD-00113,WH-CENTRAL,2026-09-20,31,,INBOUND,SCHEDULED
SHP-00001229,PRD-00193,WH-WEST,2026-07-11,40,40,OUTBOUND,COMPLETED
SHP-00001230,PRD-00030,WH-EAST,2026-05-02,7,4,OUTBOUND,COMPLETED
SHP-00001231,PRD-00196,WH-CENTRAL,2026-04-19,39,37,INBOUND,COMPLETED
SHP-00001232,PRD-00002,WH-EAST,2026-10-09,19,,INBOUND,SCHEDULED
SHP-00001233,PRD-00128,WH-WEST,2026-09-28,37,,INBOUND,SCHEDULED
SHP-00001234,PRD-00067,WH-EAST,2026-08-03,17,,INBOUND,SCHEDULED
SHP-00001235,PRD-00055,WH-EAST,2026-05-03,17,14,INBOUND,COMPLETED
SHP-00001236,PRD-00008,WH-CENTRAL,2026-06-19,34,33,INBOUND,COMPLETED
SHP-00001237,PRD-00047,WH-CENTRAL,2026-05-30,35,33,INBOUND,COMPLETED
SHP-00001238,PRD-00004,WH-CENTRAL,2026-05-02,14,14,OUTBOUND,COMPLETED
SHP-00001239,PRD-00049,WH-WEST,2026-06-09,35,32,INBOUND,COMPLETED
SHP-00001240,PRD-00145,WH-CENTRAL,2026-06-11,36,37,OUTBOUND,COMPLETED
SHP-00001241,PRD-00165,WH-WEST,2026-05-14,4,4,OUTBOUND,COMPLETED
SHP-00001242,PRD-00188,WH-CENTRAL,2026-09-23,41,,INBOUND,DELAYED
SHP-00001243,PRD-00147,WH-EAST,2026-05-27,35,37,OUTBOUND,COMPLETED
SHP-00001244,PRD-00115,WH-WEST,2026-05-03,40,40,INBOUND,COMPLETED
SHP-00001245,PRD-00001,WH-WEST,2026-07-04,18,18,OUTBOUND,COMPLETED
SHP-00001246,PRD-00094,WH-CENTRAL,2026-10-13,24,,OUTBOUND,DELAYED
SHP-00001247,PRD-00066,WH-WEST,2026-07-20,32,30,OUTBOUND,COMPLETED
SHP-00001248,PRD-00192,WH-WEST,2026-09-20,28,,INBOUND,SCHEDULED
SHP-00001249,PRD-00136,WH-EAST,2026-07-17,52,51,INBOUND,COMPLETED
SHP-00001250,PRD-00061,WH-WEST,2026-08-21,33,,OUTBOUND,SCHEDULED
SHP-00001251,PRD-00031,WH-CENTRAL,2026-08-30,39,,INBOUND,SCHEDULED
SHP-00001252,PRD-00066,WH-WEST,2026-07-28,22,22,INBOUND,COMPLETED
SHP-00001253,PRD-00167,WH-CENTRAL,2026-08-08,36,,INBOUND,SCHEDULED
SHP-00001254,PRD-00003,WH-CENTRAL,2026-10-19,35,,INBOUND,SCHEDULED
SHP-00001255,PRD-00168,WH-WEST,2026-06-10,24,25,OUTBOUND,COMPLETED
SHP-00001256,PRD-00091,WH-EAST,2026-08-20,8,,OUTBOUND,SCHEDULED
SHP-00001257,PRD-00002,WH-CENTRAL,2026-04-23,26,27,OUTBOUND,COMPLETED
SHP-00001258,PRD-00055,WH-CENTRAL,2026-09-08,9,,INBOUND,SCHEDULED
SHP-00001259,PRD-00081,WH-EAST,2026-09-05,43,,OUTBOUND,SCHEDULED
SHP-00001260,PRD-00003,WH-CENTRAL,2026-04-21,12,12,INBOUND,COMPLETED
SHP-00001261,PRD-00109,WH-EAST,2026-05-19,17,17,OUTBOUND,COMPLETED
SHP-00001262,PRD-00045,WH-WEST,2026-07-07,34,34,OUTBOUND,COMPLETED
SHP-00001263,PRD-00069,WH-WEST,2026-05-16,38,39,INBOUND,COMPLETED
SHP-00001264,PRD-00071,WH-WEST,2026-06-21,13,10,OUTBOUND,COMPLETED
SHP-00001265,PRD-00049,WH-EAST,2026-05-04,20,20,INBOUND,COMPLETED
SHP-00001266,PRD-00080,WH-CENTRAL,2026-10-18,17,,OUTBOUND,SCHEDULED
SHP-00001267,PRD-00093,WH-CENTRAL,2026-09-10,11,,OUTBOUND,SCHEDULED
SHP-00001268,PRD-00121,WH-WEST,2026-05-03,27,25,INBOUND,COMPLETED
SHP-00001269,PRD-00119,WH-WEST,2026-06-25,25,25,INBOUND,COMPLETED
SHP-00001270,PRD-00045,WH-CENTRAL,2026-10-14,14,,INBOUND,SCHEDULED
SHP-00001271,PRD-00196,WH-WEST,2026-08-15,10,,INBOUND,SCHEDULED
SHP-00001272,PRD-00151,WH-EAST,2026-07-27,55,56,INBOUND,COMPLETED
SHP-00001273,PRD-00018,WH-EAST,2026-07-22,27,29,OUTBOUND,COMPLETED
SHP-00001274,PRD-00095,WH-EAST,2026-04-18,14,14,OUTBOUND,COMPLETED
SHP-00001275,PRD-00138,WH-CENTRAL,2026-09-10,16,,OUTBOUND,SCHEDULED
SHP-00001276,PRD-00193,WH-CENTRAL,2026-10-29,16,,OUTBOUND,SCHEDULED
SHP-00001277,PRD-00161,WH-EAST,2026-09-03,41,,INBOUND,SCHEDULED
SHP-00001278,PRD-00177,WH-CENTRAL,2026-09-26,8,,OUTBOUND,SCHEDULED
SHP-00001279,PRD-00050,WH-EAST,2026-10-18,11,,OUTBOUND,SCHEDULED
SHP-00001280,PRD-00103,WH-EAST,2026-09-17,5,,OUTBOUND,SCHEDULED
SHP-00001281,PRD-00143,WH-CENTRAL,2026-04-26,28,30,OUTBOUND,COMPLETED
SHP-00001282,PRD-00072,WH-CENTRAL,2026-09-02,13,,OUTBOUND,SCHEDULED
SHP-00001283,PRD-00175,WH-CENTRAL,2026-07-07,39,41,OUTBOUND,COMPLETED
SHP-00001284,PRD-00198,WH-EAST,2026-10-16,35,,INBOUND,SCHEDULED
SHP-00001285,PRD-00053,WH-CENTRAL,2026-07-04,40,40,OUTBOUND,COMPLETED
SHP-00001286,PRD-00024,WH-CENTRAL,2026-04-30,13,13,OUTBOUND,COMPLETED
SHP-00001287,PRD-00069,WH-WEST,2026-08-26,19,,OUTBOUND,SCHEDULED
SHP-00001288,PRD-00095,WH-WEST,2026-07-17,17,17,OUTBOUND,COMPLETED
SHP-00001289,PRD-00010,WH-WEST,2026-08-11,13,,INBOUND,SCHEDULED
SHP-00001290,PRD-00163,WH-CENTRAL,2026-05-03,8,5,OUTBOUND,COMPLETED
SHP-00001291,PRD-00027,WH-EAST,2026-07-26,47,47,INBOUND,COMPLETED
SHP-00001292,PRD-00118,WH-WEST,2026-10-18,36,,INBOUND,SCHEDULED
SHP-00001293,PRD-00154,WH-EAST,2026-08-13,20,,OUTBOUND,SCHEDULED
SHP-00001294,PRD-00192,WH-CENTRAL,2026-07-09,31,29,INBOUND,COMPLETED
SHP-00001295,PRD-00020,WH-WEST,2026-09-03,39,,OUTBOUND,SCHEDULED
SHP-00001296,PRD-00073,WH-CENTRAL,2026-06-21,20,20,OUTBOUND,COMPLETED
SHP-00001297,PRD-00146,WH-WEST,2026-06-09,13,12,OUTBOUND,COMPLETED
SHP-00001298,PRD-00020,WH-CENTRAL,2026-08-10,31,,INBOUND,SCHEDULED
SHP-00001299,PRD-00128,WH-EAST,2026-07-08,44,44,OUTBOUND,COMPLETED
SHP-00001300,PRD-00150,WH-EAST,2026-06-30,16,16,OUTBOUND,COMPLETED
SHP-00001301,PRD-00186,WH-WEST,2026-08-28,26,,INBOUND,CANCELLED
SHP-00001302,PRD-00001,WH-EAST,2026-10-14,34,,OUTBOUND,SCHEDULED
SHP-00001303,PRD-00105,WH-CENTRAL,2026-07-21,12,12,INBOUND,COMPLETED
SHP-00001304,PRD-00175,WH-WEST,2026-07-09,37,34,OUTBOUND,COMPLETED
SHP-00001305,PRD-00175,WH-CENTRAL,2026-04-12,46,43,INBOUND,COMPLETED
SHP-00001306,PRD-00133,WH-EAST,2026-06-02,31,28,OUTBOUND,COMPLETED
SHP-00001307,PRD-00042,WH-CENTRAL,2026-09-02,21,,OUTBOUND,SCHEDULED
SHP-00001308,PRD-00103,WH-EAST,2026-09-06,18,,OUTBOUND,SCHEDULED
SHP-00001309,PRD-00058,WH-EAST,2026-06-02,13,13,OUTBOUND,COMPLETED
SHP-00001310,PRD-00152,WH-CENTRAL,2026-08-09,38,,INBOUND,SCHEDULED
SHP-00001311,PRD-00123,WH-WEST,2026-04-06,19,,OUTBOUND,CANCELLED
SHP-00001312,PRD-00067,WH-WEST,2026-05-22,36,36,OUTBOUND,COMPLETED
SHP-00001313,PRD-00109,WH-EAST,2026-10-26,11,,INBOUND,DELAYED
SHP-00001314,PRD-00192,WH-CENTRAL,2026-09-01,23,,INBOUND,SCHEDULED
SHP-00001315,PRD-00141,WH-EAST,2026-04-03,5,7,INBOUND,COMPLETED
SHP-00001316,PRD-00031,WH-EAST,2026-08-01,40,,OUTBOUND,DELAYED
SHP-00001317,PRD-00184,WH-CENTRAL,2026-07-16,39,40,INBOUND,COMPLETED
SHP-00001318,PRD-00094,WH-WEST,2026-05-14,24,26,INBOUND,COMPLETED
SHP-00001319,PRD-00020,WH-EAST,2026-07-17,44,45,OUTBOUND,COMPLETED
SHP-00001320,PRD-00122,WH-WEST,2026-10-06,34,,OUTBOUND,SCHEDULED
SHP-00001321,PRD-00093,WH-CENTRAL,2026-07-25,9,9,INBOUND,COMPLETED
SHP-00001322,PRD-00186,WH-CENTRAL,2026-04-18,35,37,INBOUND,COMPLETED
SHP-00001323,PRD-00090,WH-CENTRAL,2026-07-08,6,7,OUTBOUND,COMPLETED
SHP-00001324,PRD-00148,WH-WEST,2026-07-02,7,7,INBOUND,COMPLETED
SHP-00001325,PRD-00114,WH-WEST,2026-04-17,22,24,OUTBOUND,COMPLETED
SHP-00001326,PRD-00025,WH-WEST,2026-05-04,32,32,OUTBOUND,COMPLETED
SHP-00001327,PRD-00007,WH-WEST,2026-04-30,13,14,INBOUND,COMPLETED
SHP-00001328,PRD-00009,WH-CENTRAL,2026-04-21,10,10,INBOUND,COMPLETED
SHP-00001329,PRD-00054,WH-WEST,2026-05-12,8,10,INBOUND,COMPLETED
SHP-00001330,PRD-00188,WH-CENTRAL,2026-09-13,34,,OUTBOUND,SCHEDULED
SHP-00001331,PRD-00118,WH-CENTRAL,2026-06-05,15,15,OUTBOUND,COMPLETED
SHP-00001332,PRD-00099,WH-WEST,2026-05-26,15,,OUTBOUND,CANCELLED
SHP-00001333,PRD-00069,WH-WEST,2026-07-02,24,25,INBOUND,COMPLETED
SHP-00001334,PRD-00064,WH-EAST,2026-10-06,20,,OUTBOUND,SCHEDULED
SHP-00001335,PRD-00185,WH-EAST,2026-10-15,25,,INBOUND,SCHEDULED
SHP-00001336,PRD-00054,WH-CENTRAL,2026-10-03,16,,OUTBOUND,SCHEDULED
SHP-00001337,PRD-00146,WH-CENTRAL,2026-05-07,47,47,OUTBOUND,COMPLETED
SHP-00001338,PRD-00186,WH-EAST,2026-10-19,28,,INBOUND,SCHEDULED
SHP-00001339,PRD-00096,WH-CENTRAL,2026-08-01,22,24,INBOUND,COMPLETED
SHP-00001340,PRD-00029,WH-WEST,2026-08-20,5,,OUTBOUND,SCHEDULED
SHP-00001341,PRD-00182,WH-CENTRAL,2026-09-02,48,,OUTBOUND,DELAYED
SHP-00001342,PRD-00117,WH-WEST,2026-07-11,12,13,OUTBOUND,COMPLETED
SHP-00001343,PRD-00120,WH-WEST,2026-07-13,22,19,OUTBOUND,COMPLETED
SHP-00001344,PRD-00080,WH-CENTRAL,2026-04-24,20,17,OUTBOUND,COMPLETED
SHP-00001345,PRD-00124,WH-CENTRAL,2026-08-10,30,,INBOUND,SCHEDULED
SHP-00001346,PRD-00196,WH-WEST,2026-04-19,28,28,OUTBOUND,COMPLETED
SHP-00001347,PRD-00088,WH-CENTRAL,2026-09-12,4,,OUTBOUND,SCHEDULED
SHP-00001348,PRD-00023,WH-WEST,2026-09-06,43,,OUTBOUND,SCHEDULED
SHP-00001349,PRD-00144,WH-WEST,2026-10-14,10,,INBOUND,SCHEDULED
SHP-00001350,PRD-00199,WH-EAST,2026-10-10,38,,OUTBOUND,SCHEDULED
SHP-00001351,PRD-00063,WH-WEST,2026-04-19,39,40,INBOUND,COMPLETED
SHP-00001352,PRD-00053,WH-EAST,2026-08-05,31,,INBOUND,SCHEDULED
SHP-00001353,PRD-00067,WH-WEST,2026-05-31,24,23,OUTBOUND,COMPLETED
SHP-00001354,PRD-00133,WH-EAST,2026-07-05,23,23,OUTBOUND,COMPLETED
SHP-00001355,PRD-00046,WH-WEST,2026-06-18,11,11,OUTBOUND,COMPLETED
SHP-00001356,PRD-00114,WH-CENTRAL,2026-07-22,25,23,INBOUND,COMPLETED
SHP-00001357,PRD-00166,WH-CENTRAL,2026-05-09,11,11,INBOUND,COMPLETED
SHP-00001358,PRD-00074,WH-WEST,2026-09-23,33,,OUTBOUND,SCHEDULED
SHP-00001359,PRD-00067,WH-WEST,2026-08-26,26,,OUTBOUND,SCHEDULED
SHP-00001360,PRD-00103,WH-WEST,2026-08-28,18,,OUTBOUND,DELAYED
SHP-00001361,PRD-00105,WH-CENTRAL,2026-10-02,22,,OUTBOUND,DELAYED
SHP-00001362,PRD-00144,WH-WEST,2026-05-11,33,35,OUTBOUND,COMPLETED
SHP-00001363,PRD-00058,WH-EAST,2026-06-02,28,28,INBOUND,COMPLETED
SHP-00001364,PRD-00042,WH-EAST,2026-10-16,22,,INBOUND,SCHEDULED
SHP-00001365,PRD-00147,WH-EAST,2026-09-17,32,,INBOUND,SCHEDULED
SHP-00001366,PRD-00065,WH-CENTRAL,2026-10-17,21,,INBOUND,SCHEDULED
SHP-00001367,PRD-00078,WH-EAST,2026-07-22,24,24,OUTBOUND,COMPLETED
SHP-00001368,PRD-00031,WH-CENTRAL,2026-05-21,27,27,OUTBOUND,COMPLETED
SHP-00001369,PRD-00099,WH-WEST,2026-04-06,21,22,OUTBOUND,COMPLETED
SHP-00001370,PRD-00039,WH-CENTRAL,2026-07-17,17,18,OUTBOUND,COMPLETED
SHP-00001371,PRD-00089,WH-WEST,2026-07-08,20,22,INBOUND,COMPLETED
SHP-00001372,PRD-00130,WH-WEST,2026-10-17,31,,INBOUND,SCHEDULED
SHP-00001373,PRD-00013,WH-EAST,2026-04-07,25,24,OUTBOUND,COMPLETED
SHP-00001374,PRD-00108,WH-CENTRAL,2026-05-16,31,28,OUTBOUND,COMPLETED
SHP-00001375,PRD-00187,WH-EAST,2026-10-07,36,,OUTBOUND,SCHEDULED
SHP-00001376,PRD-00111,WH-EAST,2026-06-05,16,16,INBOUND,COMPLETED
SHP-00001377,PRD-00122,WH-EAST,2026-04-04,18,18,OUTBOUND,COMPLETED
SHP-00001378,PRD-00161,WH-WEST,2026-09-02,29,,INBOUND,SCHEDULED
SHP-00001379,PRD-00194,WH-CENTRAL,2026-06-23,20,20,OUTBOUND,COMPLETED
SHP-00001380,PRD-00005,WH-CENTRAL,2026-10-22,46,,OUTBOUND,SCHEDULED
SHP-00001381,PRD-00075,WH-WEST,2026-10-21,15,,OUTBOUND,SCHEDULED
SHP-00001382,PRD-00131,WH-CENTRAL,2026-07-21,21,19,OUTBOUND,COMPLETED
SHP-00001383,PRD-00006,WH-EAST,2026-05-11,23,,INBOUND,CANCELLED
SHP-00001384,PRD-00080,WH-CENTRAL,2026-05-25,6,6,INBOUND,COMPLETED
SHP-00001385,PRD-00125,WH-WEST,2026-07-28,4,4,INBOUND,COMPLETED
SHP-00001386,PRD-00035,WH-EAST,2026-05-07,8,8,OUTBOUND,COMPLETED
SHP-00001387,PRD-00148,WH-WEST,2026-10-10,39,,OUTBOUND,SCHEDULED
SHP-00001388,PRD-00158,WH-EAST,2026-06-08,12,12,OUTBOUND,COMPLETED
SHP-00001389,PRD-00068,WH-WEST,2026-10-21,10,,INBOUND,SCHEDULED
SHP-00001390,PRD-00130,WH-CENTRAL,2026-04-23,14,15,OUTBOUND,COMPLETED
SHP-00001391,PRD-00088,WH-WEST,2026-05-16,30,31,INBOUND,COMPLETED
SHP-00001392,PRD-00091,WH-EAST,2026-06-06,28,29,INBOUND,COMPLETED
SHP-00001393,PRD-00003,WH-EAST,2026-09-06,45,,INBOUND,SCHEDULED
SHP-00001394,PRD-00115,WH-EAST,2026-07-05,40,40,INBOUND,COMPLETED
SHP-00001395,PRD-00111,WH-EAST,2026-04-30,33,30,OUTBOUND,COMPLETED
SHP-00001396,PRD-00013,WH-EAST,2026-08-28,46,,OUTBOUND,SCHEDULED
SHP-00001397,PRD-00150,WH-WEST,2026-10-16,32,,INBOUND,SCHEDULED
SHP-00001398,PRD-00109,WH-CENTRAL,2026-04-28,35,34,OUTBOUND,COMPLETED
SHP-00001399,PRD-00021,WH-EAST,2026-06-07,22,22,OUTBOUND,COMPLETED
SHP-00001400,PRD-00067,WH-WEST,2026-05-31,47,44,INBOUND,COMPLETED
SHP-00001401,PRD-00035,WH-EAST,2026-05-05,30,28,INBOUND,COMPLETED
SHP-00001402,PRD-00170,WH-CENTRAL,2026-05-13,19,17,OUTBOUND,COMPLETED
SHP-00001403,PRD-00138,WH-CENTRAL,2026-08-15,14,,OUTBOUND,SCHEDULED
SHP-00001404,PRD-00099,WH-CENTRAL,2026-07-16,19,17,INBOUND,COMPLETED
SHP-00001405,PRD-00146,WH-EAST,2026-05-02,41,42,INBOUND,COMPLETED
SHP-00001406,PRD-00088,WH-EAST,2026-07-20,32,31,OUTBOUND,COMPLETED
SHP-00001407,PRD-00090,WH-WEST,2026-04-17,8,7,OUTBOUND,COMPLETED
SHP-00001408,PRD-00136,WH-WEST,2026-04-19,13,13,OUTBOUND,COMPLETED
SHP-00001409,PRD-00073,WH-CENTRAL,2026-08-01,32,32,INBOUND,COMPLETED
SHP-00001410,PRD-00120,WH-CENTRAL,2026-10-07,29,,OUTBOUND,SCHEDULED
SHP-00001411,PRD-00139,WH-WEST,2026-08-28,34,,OUTBOUND,SCHEDULED
SHP-00001412,PRD-00154,WH-EAST,2026-10-28,52,,INBOUND,SCHEDULED
SHP-00001413,PRD-00072,WH-CENTRAL,2026-08-22,33,,INBOUND,SCHEDULED
SHP-00001414,PRD-00006,WH-CENTRAL,2026-06-02,17,17,OUTBOUND,COMPLETED
SHP-00001415,PRD-00060,WH-CENTRAL,2026-04-17,32,33,OUTBOUND,COMPLETED
SHP-00001416,PRD-00068,WH-CENTRAL,2026-09-17,26,,OUTBOUND,SCHEDULED
SHP-00001417,PRD-00141,WH-EAST,2026-07-07,9,7,INBOUND,COMPLETED
SHP-00001418,PRD-00148,WH-CENTRAL,2026-05-22,43,42,INBOUND,COMPLETED
SHP-00001419,PRD-00166,WH-CENTRAL,2026-07-19,11,13,OUTBOUND,COMPLETED
SHP-00001420,PRD-00103,WH-EAST,2026-05-29,23,23,INBOUND,COMPLETED
SHP-00001421,PRD-00171,WH-CENTRAL,2026-10-10,25,,OUTBOUND,SCHEDULED
SHP-00001422,PRD-00088,WH-WEST,2026-07-21,38,35,OUTBOUND,COMPLETED
SHP-00001423,PRD-00195,WH-CENTRAL,2026-08-15,24,,OUTBOUND,DELAYED
SHP-00001424,PRD-00178,WH-CENTRAL,2026-04-23,43,43,INBOUND,COMPLETED
SHP-00001425,PRD-00187,WH-EAST,2026-05-05,7,7,INBOUND,COMPLETED
SHP-00001426,PRD-00163,WH-WEST,2026-05-16,47,44,OUTBOUND,COMPLETED
SHP-00001427,PRD-00028,WH-WEST,2026-08-23,38,,INBOUND,DELAYED
SHP-00001428,PRD-00027,WH-CENTRAL,2026-07-13,36,36,OUTBOUND,COMPLETED
SHP-00001429,PRD-00096,WH-EAST,2026-07-18,6,8,OUTBOUND,COMPLETED
SHP-00001430,PRD-00076,WH-CENTRAL,2026-08-29,14,,OUTBOUND,SCHEDULED
SHP-00001431,PRD-00021,WH-CENTRAL,2026-05-30,50,49,INBOUND,COMPLETED
SHP-00001432,PRD-00044,WH-CENTRAL,2026-08-26,46,,OUTBOUND,SCHEDULED
SHP-00001433,PRD-00151,WH-WEST,2026-04-12,7,7,OUTBOUND,COMPLETED
SHP-00001434,PRD-00054,WH-EAST,2026-10-12,8,,OUTBOUND,SCHEDULED
SHP-00001435,PRD-00140,WH-EAST,2026-07-29,32,33,OUTBOUND,COMPLETED
SHP-00001436,PRD-00132,WH-CENTRAL,2026-07-04,32,30,OUTBOUND,COMPLETED
SHP-00001437,PRD-00032,WH-EAST,2026-10-24,18,,OUTBOUND,SCHEDULED
SHP-00001438,PRD-00091,WH-EAST,2026-08-23,35,,INBOUND,SCHEDULED
SHP-00001439,PRD-00061,WH-EAST,2026-10-25,30,,OUTBOUND,CANCELLED
SHP-00001440,PRD-00133,WH-EAST,2026-10-30,25,,INBOUND,SCHEDULED
SHP-00001441,PRD-00114,WH-CENTRAL,2026-05-23,37,36,OUTBOUND,COMPLETED
SHP-00001442,PRD-00181,WH-WEST,2026-10-28,25,,INBOUND,CANCELLED
SHP-00001443,PRD-00156,WH-CENTRAL,2026-07-03,13,10,OUTBOUND,COMPLETED
SHP-00001444,PRD-00199,WH-EAST,2026-08-17,34,,INBOUND,SCHEDULED
SHP-00001445,PRD-00161,WH-EAST,2026-08-14,41,,INBOUND,SCHEDULED
SHP-00001446,PRD-00023,WH-CENTRAL,2026-05-07,48,48,OUTBOUND,COMPLETED
SHP-00001447,PRD-00116,WH-WEST,2026-07-27,39,37,OUTBOUND,COMPLETED
SHP-00001448,PRD-00167,WH-CENTRAL,2026-07-22,29,28,OUTBOUND,COMPLETED
SHP-00001449,PRD-00064,WH-WEST,2026-10-26,34,,INBOUND,SCHEDULED
SHP-00001450,PRD-00193,WH-EAST,2026-07-11,43,40,OUTBOUND,COMPLETED
SHP-00001451,PRD-00118,WH-EAST,2026-06-25,40,39,OUTBOUND,COMPLETED
SHP-00001452,PRD-00016,WH-CENTRAL,2026-10-07,26,,OUTBOUND,SCHEDULED
SHP-00001453,PRD-00008,WH-EAST,2026-06-24,36,33,INBOUND,COMPLETED
SHP-00001454,PRD-00155,WH-CENTRAL,2026-07-20,29,29,INBOUND,COMPLETED
SHP-00001455,PRD-00194,WH-EAST,2026-08-05,47,,OUTBOUND,SCHEDULED
SHP-00001456,PRD-00166,WH-WEST,2026-08-08,20,,INBOUND,SCHEDULED
SHP-00001457,PRD-00024,WH-WEST,2026-05-25,5,7,OUTBOUND,COMPLETED
SHP-00001458,PRD-00069,WH-CENTRAL,2026-09-23,53,,INBOUND,SCHEDULED
SHP-00001459,PRD-00137,WH-EAST,2026-04-26,16,14,OUTBOUND,COMPLETED
SHP-00001460,PRD-00069,WH-CENTRAL,2026-09-22,12,,OUTBOUND,SCHEDULED
SHP-00001461,PRD-00076,WH-EAST,2026-05-29,43,44,OUTBOUND,COMPLETED
SHP-00001462,PRD-00035,WH-WEST,2026-04-04,41,41,INBOUND,COMPLETED
SHP-00001463,PRD-00020,WH-WEST,2026-09-26,41,,OUTBOUND,SCHEDULED
SHP-00001464,PRD-00074,WH-WEST,2026-05-26,14,16,INBOUND,COMPLETED
SHP-00001465,PRD-00038,WH-WEST,2026-04-12,5,2,OUTBOUND,COMPLETED
SHP-00001466,PRD-00043,WH-WEST,2026-07-28,27,28,INBOUND,COMPLETED
SHP-00001467,PRD-00169,WH-CENTRAL,2026-10-01,16,,OUTBOUND,SCHEDULED
SHP-00001468,PRD-00179,WH-CENTRAL,2026-10-29,48,,OUTBOUND,SCHEDULED
SHP-00001469,PRD-00142,WH-EAST,2026-09-12,48,,INBOUND,SCHEDULED
SHP-00001470,PRD-00017,WH-WEST,2026-10-25,17,,OUTBOUND,SCHEDULED
SHP-00001471,PRD-00087,WH-WEST,2026-06-24,25,27,OUTBOUND,COMPLETED
SHP-00001472,PRD-00056,WH-EAST,2026-09-01,42,,OUTBOUND,SCHEDULED
SHP-00001473,PRD-00001,WH-WEST,2026-07-06,43,45,INBOUND,COMPLETED
SHP-00001474,PRD-00022,WH-EAST,2026-07-21,3,3,OUTBOUND,COMPLETED
SHP-00001475,PRD-00093,WH-WEST,2026-04-25,55,57,INBOUND,COMPLETED
SHP-00001476,PRD-00131,WH-EAST,2026-08-20,14,,INBOUND,SCHEDULED
SHP-00001477,PRD-00117,WH-EAST,2026-08-24,48,,OUTBOUND,SCHEDULED
SHP-00001478,PRD-00116,WH-WEST,2026-06-03,15,13,INBOUND,COMPLETED
SHP-00001479,PRD-00033,WH-WEST,2026-09-14,24,,INBOUND,SCHEDULED
SHP-00001480,PRD-00068,WH-EAST,2026-04-12,31,28,INBOUND,COMPLETED
SHP-00001481,PRD-00067,WH-CENTRAL,2026-04-24,38,35,OUTBOUND,COMPLETED
SHP-00001482,PRD-00048,WH-EAST,2026-09-20,10,,OUTBOUND,SCHEDULED
SHP-00001483,PRD-00101,WH-WEST,2026-07-25,10,9,INBOUND,COMPLETED
SHP-00001484,PRD-00001,WH-CENTRAL,2026-04-10,7,,OUTBOUND,CANCELLED
SHP-00001485,PRD-00150,WH-WEST,2026-06-11,40,40,INBOUND,COMPLETED
SHP-00001486,PRD-00088,WH-EAST,2026-10-18,25,,INBOUND,SCHEDULED
SHP-00001487,PRD-00131,WH-EAST,2026-04-12,34,34,OUTBOUND,COMPLETED
SHP-00001488,PRD-00084,WH-CENTRAL,2026-09-01,36,,OUTBOUND,SCHEDULED
SHP-00001489,PRD-00047,WH-CENTRAL,2026-05-09,21,23,OUTBOUND,COMPLETED
SHP-00001490,PRD-00122,WH-CENTRAL,2026-08-24,48,,INBOUND,SCHEDULED
SHP-00001491,PRD-00008,WH-CENTRAL,2026-10-14,47,,INBOUND,SCHEDULED
SHP-00001492,PRD-00156,WH-EAST,2026-05-02,20,18,OUTBOUND,COMPLETED
SHP-00001493,PRD-00145,WH-EAST,2026-09-26,4,,OUTBOUND,SCHEDULED
SHP-00001494,PRD-00162,WH-WEST,2026-10-23,34,,OUTBOUND,DELAYED
SHP-00001495,PRD-00067,WH-WEST,2026-05-23,42,42,INBOUND,COMPLETED
SHP-00001496,PRD-00023,WH-EAST,2026-04-22,18,20,INBOUND,COMPLETED
SHP-00001497,PRD-00018,WH-EAST,2026-10-29,3,,OUTBOUND,SCHEDULED
SHP-00001498,PRD-00037,WH-CENTRAL,2026-10-30,34,,OUTBOUND,SCHEDULED
SHP-00001499,PRD-00085,WH-CENTRAL,2026-09-02,45,,INBOUND,SCHEDULED
SHP-00001500,PRD-00060,WH-WEST,2026-06-27,29,31,INBOUND,COMPLETED
SHP-00001501,PRD-00015,WH-WEST,2026-07-07,25,25,INBOUND,COMPLETED
SHP-00001502,PRD-00169,WH-WEST,2026-06-03,53,53,INBOUND,COMPLETED
SHP-00001503,PRD-00088,WH-EAST,2026-09-04,9,,OUTBOUND,SCHEDULED
SHP-00001504,PRD-00120,WH-CENTRAL,2026-10-16,14,,OUTBOUND,SCHEDULED
SHP-00001505,PRD-00171,WH-CENTRAL,2026-08-26,26,,OUTBOUND,SCHEDULED
SHP-00001506,PRD-00014,WH-WEST,2026-08-01,39,39,OUTBOUND,COMPLETED
SHP-00001507,PRD-00011,WH-CENTRAL,2026-04-03,47,47,OUTBOUND,COMPLETED
SHP-00001508,PRD-00081,WH-CENTRAL,2026-07-30,37,39,INBOUND,COMPLETED
SHP-00001509,PRD-00014,WH-WEST,2026-05-17,21,19,INBOUND,COMPLETED
SHP-00001510,PRD-00033,WH-EAST,2026-08-09,20,,OUTBOUND,SCHEDULED
SHP-00001511,PRD-00095,WH-EAST,2026-05-17,12,,INBOUND,CANCELLED
SHP-00001512,PRD-00188,WH-CENTRAL,2026-06-24,8,5,INBOUND,COMPLETED
SHP-00001513,PRD-00023,WH-EAST,2026-09-28,10,,INBOUND,SCHEDULED
SHP-00001514,PRD-00077,WH-WEST,2026-09-23,55,,INBOUND,SCHEDULED
SHP-00001515,PRD-00160,WH-EAST,2026-09-03,41,,INBOUND,SCHEDULED
SHP-00001516,PRD-00103,WH-CENTRAL,2026-08-22,27,,INBOUND,DELAYED
SHP-00001517,PRD-00026,WH-CENTRAL,2026-10-16,24,,OUTBOUND,SCHEDULED
SHP-00001518,PRD-00111,WH-CENTRAL,2026-10-06,9,,OUTBOUND,SCHEDULED
SHP-00001519,PRD-00014,WH-CENTRAL,2026-07-16,26,24,OUTBOUND,COMPLETED
SHP-00001520,PRD-00081,WH-WEST,2026-07-15,51,53,INBOUND,COMPLETED
SHP-00001521,PRD-00152,WH-EAST,2026-09-28,7,,OUTBOUND,SCHEDULED
SHP-00001522,PRD-00076,WH-CENTRAL,2026-10-14,6,,OUTBOUND,SCHEDULED
SHP-00001523,PRD-00179,WH-CENTRAL,2026-06-21,4,4,INBOUND,COMPLETED
SHP-00001524,PRD-00070,WH-WEST,2026-08-30,29,,OUTBOUND,SCHEDULED
SHP-00001525,PRD-00009,WH-CENTRAL,2026-05-28,55,53,INBOUND,COMPLETED
SHP-00001526,PRD-00192,WH-EAST,2026-09-13,11,,INBOUND,SCHEDULED
SHP-00001527,PRD-00103,WH-CENTRAL,2026-07-15,37,36,INBOUND,COMPLETED
SHP-00001528,PRD-00074,WH-WEST,2026-08-11,43,,OUTBOUND,SCHEDULED
SHP-00001529,PRD-00032,WH-WEST,2026-05-14,36,35,OUTBOUND,COMPLETED
SHP-00001530,PRD-00156,WH-WEST,2026-10-09,35,,INBOUND,DELAYED
SHP-00001531,PRD-00056,WH-WEST,2026-10-12,48,,OUTBOUND,SCHEDULED
SHP-00001532,PRD-00024,WH-EAST,2026-10-21,8,,INBOUND,SCHEDULED
SHP-00001533,PRD-00149,WH-CENTRAL,2026-09-06,29,,INBOUND,DELAYED
SHP-00001534,PRD-00187,WH-WEST,2026-06-23,24,24,INBOUND,COMPLETED
SHP-00001535,PRD-00157,WH-CENTRAL,2026-05-08,44,41,OUTBOUND,COMPLETED
SHP-00001536,PRD-00069,WH-EAST,2026-04-27,23,25,INBOUND,COMPLETED
SHP-00001537,PRD-00020,WH-WEST,2026-06-03,50,,INBOUND,CANCELLED
SHP-00001538,PRD-00017,WH-EAST,2026-10-25,29,,INBOUND,SCHEDULED
SHP-00001539,PRD-00037,WH-CENTRAL,2026-04-15,42,42,OUTBOUND,COMPLETED
SHP-00001540,PRD-00031,WH-CENTRAL,2026-06-11,47,44,INBOUND,COMPLETED
SHP-00001541,PRD-00118,WH-EAST,2026-07-07,36,38,INBOUND,COMPLETED
SHP-00001542,PRD-00078,WH-EAST,2026-04-15,16,15,INBOUND,COMPLETED
SHP-00001543,PRD-00008,WH-CENTRAL,2026-06-07,34,32,OUTBOUND,COMPLETED
SHP-00001544,PRD-00135,WH-CENTRAL,2026-06-09,5,2,OUTBOUND,COMPLETED
SHP-00001545,PRD-00071,WH-WEST,2026-07-25,26,23,INBOUND,COMPLETED
SHP-00001546,PRD-00100,WH-CENTRAL,2026-10-05,35,,INBOUND,SCHEDULED
SHP-00001547,PRD-00160,WH-CENTRAL,2026-10-11,16,,OUTBOUND,DELAYED
SHP-00001548,PRD-00158,WH-EAST,2026-09-29,40,,INBOUND,SCHEDULED
SHP-00001549,PRD-00050,WH-WEST,2026-05-01,21,21,INBOUND,COMPLETED
SHP-00001550,PRD-00145,WH-WEST,2026-07-31,16,,OUTBOUND,DELAYED
SHP-00001551,PRD-00070,WH-EAST,2026-07-23,28,28,OUTBOUND,COMPLETED
SHP-00001552,PRD-00165,WH-WEST,2026-05-12,33,35,OUTBOUND,COMPLETED
SHP-00001553,PRD-00172,WH-CENTRAL,2026-07-29,48,48,OUTBOUND,COMPLETED
SHP-00001554,PRD-00073,WH-WEST,2026-08-28,18,,OUTBOUND,SCHEDULED
SHP-00001555,PRD-00056,WH-CENTRAL,2026-05-04,5,5,INBOUND,COMPLETED
SHP-00001556,PRD-00200,WH-EAST,2026-04-07,26,26,INBOUND,COMPLETED
SHP-00001557,PRD-00115,WH-CENTRAL,2026-04-20,24,24,INBOUND,COMPLETED
SHP-00001558,PRD-00184,WH-WEST,2026-05-26,27,27,OUTBOUND,COMPLETED
SHP-00001559,PRD-00176,WH-CENTRAL,2026-10-22,33,,OUTBOUND,SCHEDULED
SHP-00001560,PRD-00111,WH-CENTRAL,2026-05-21,8,10,OUTBOUND,COMPLETED
SHP-00001561,PRD-00190,WH-CENTRAL,2026-09-23,26,,INBOUND,SCHEDULED
SHP-00001562,PRD-00042,WH-CENTRAL,2026-10-15,12,,OUTBOUND,SCHEDULED
SHP-00001563,PRD-00078,WH-CENTRAL,2026-04-09,42,44,INBOUND,COMPLETED
SHP-00001564,PRD-00198,WH-CENTRAL,2026-10-14,3,,OUTBOUND,SCHEDULED
SHP-00001565,PRD-00182,WH-EAST,2026-04-28,9,9,INBOUND,COMPLETED
SHP-00001566,PRD-00199,WH-WEST,2026-05-30,14,12,OUTBOUND,COMPLETED
SHP-00001567,PRD-00070,WH-EAST,2026-05-24,47,46,OUTBOUND,COMPLETED
SHP-00001568,PRD-00198,WH-EAST,2026-10-09,25,,OUTBOUND,SCHEDULED
SHP-00001569,PRD-00098,WH-EAST,2026-06-30,41,41,OUTBOUND,COMPLETED
SHP-00001570,PRD-00164,WH-CENTRAL,2026-09-27,13,,INBOUND,SCHEDULED
SHP-00001571,PRD-00043,WH-WEST,2026-06-17,19,21,OUTBOUND,COMPLETED
SHP-00001572,PRD-00027,WH-CENTRAL,2026-05-08,33,32,OUTBOUND,COMPLETED
SHP-00001573,PRD-00045,WH-EAST,2026-10-07,21,,OUTBOUND,SCHEDULED
SHP-00001574,PRD-00177,WH-EAST,2026-07-02,24,23,OUTBOUND,COMPLETED
SHP-00001575,PRD-00199,WH-WEST,2026-08-16,15,,OUTBOUND,SCHEDULED
SHP-00001576,PRD-00162,WH-CENTRAL,2026-09-03,42,,INBOUND,SCHEDULED
SHP-00001577,PRD-00137,WH-EAST,2026-06-16,9,9,INBOUND,COMPLETED
SHP-00001578,PRD-00038,WH-WEST,2026-10-04,41,,OUTBOUND,SCHEDULED
SHP-00001579,PRD-00082,WH-WEST,2026-09-21,46,,INBOUND,SCHEDULED
SHP-00001580,PRD-00127,WH-CENTRAL,2026-04-07,30,32,OUTBOUND,COMPLETED
SHP-00001581,PRD-00091,WH-WEST,2026-10-24,50,,INBOUND,DELAYED
SHP-00001582,PRD-00111,WH-WEST,2026-06-15,33,31,INBOUND,COMPLETED
SHP-00001583,PRD-00089,WH-WEST,2026-05-22,47,,INBOUND,CANCELLED
SHP-00001584,PRD-00011,WH-CENTRAL,2026-08-29,14,,OUTBOUND,SCHEDULED
SHP-00001585,PRD-00030,WH-WEST,2026-09-18,47,,OUTBOUND,SCHEDULED
SHP-00001586,PRD-00079,WH-WEST,2026-06-17,36,35,INBOUND,COMPLETED
SHP-00001587,PRD-00027,WH-WEST,2026-06-29,3,0,OUTBOUND,COMPLETED
SHP-00001588,PRD-00031,WH-EAST,2026-05-05,40,38,INBOUND,COMPLETED
SHP-00001589,PRD-00057,WH-EAST,2026-07-07,7,5,OUTBOUND,COMPLETED
SHP-00001590,PRD-00186,WH-EAST,2026-04-13,16,13,INBOUND,COMPLETED
SHP-00001591,PRD-00019,WH-WEST,2026-05-19,19,19,INBOUND,COMPLETED
SHP-00001592,PRD-00055,WH-WEST,2026-08-27,13,,OUTBOUND,SCHEDULED
SHP-00001593,PRD-00177,WH-WEST,2026-09-09,7,,OUTBOUND,SCHEDULED
SHP-00001594,PRD-00105,WH-WEST,2026-10-11,28,,INBOUND,SCHEDULED
SHP-00001595,PRD-00135,WH-CENTRAL,2026-07-23,8,10,OUTBOUND,COMPLETED
SHP-00001596,PRD-00154,WH-CENTRAL,2026-07-03,38,35,INBOUND,COMPLETED
SHP-00001597,PRD-00059,WH-WEST,2026-05-21,39,39,INBOUND,COMPLETED
SHP-00001598,PRD-00116,WH-CENTRAL,2026-04-29,35,33,INBOUND,COMPLETED
SHP-00001599,PRD-00172,WH-CENTRAL,2026-05-23,36,35,INBOUND,COMPLETED
SHP-00001600,PRD-00060,WH-CENTRAL,2026-08-21,9,,OUTBOUND,SCHEDULED
SHP-00001601,PRD-00017,WH-EAST,2026-10-20,25,,INBOUND,SCHEDULED
SHP-00001602,PRD-00123,WH-EAST,2026-08-18,3,,OUTBOUND,SCHEDULED
SHP-00001603,PRD-00107,WH-WEST,2026-10-02,51,,INBOUND,SCHEDULED
SHP-00001604,PRD-00153,WH-WEST,2026-04-11,47,45,INBOUND,COMPLETED
SHP-00001605,PRD-00117,WH-EAST,2026-05-29,39,39,OUTBOUND,COMPLETED
SHP-00001606,PRD-00188,WH-EAST,2026-04-05,35,35,OUTBOUND,COMPLETED
SHP-00001607,PRD-00135,WH-CENTRAL,2026-04-03,53,53,INBOUND,COMPLETED
SHP-00001608,PRD-00102,WH-CENTRAL,2026-10-11,10,,OUTBOUND,SCHEDULED
SHP-00001609,PRD-00022,WH-WEST,2026-08-08,25,,INBOUND,SCHEDULED
SHP-00001610,PRD-00059,WH-EAST,2026-10-28,6,,OUTBOUND,DELAYED
SHP-00001611,PRD-00050,WH-CENTRAL,2026-07-19,19,21,OUTBOUND,COMPLETED
SHP-00001612,PRD-00131,WH-EAST,2026-10-21,46,,INBOUND,SCHEDULED
SHP-00001613,PRD-00014,WH-EAST,2026-08-05,3,,OUTBOUND,SCHEDULED
SHP-00001614,PRD-00082,WH-CENTRAL,2026-05-05,45,44,INBOUND,COMPLETED
SHP-00001615,PRD-00184,WH-CENTRAL,2026-06-28,55,53,INBOUND,COMPLETED
SHP-00001616,PRD-00194,WH-EAST,2026-10-01,27,,INBOUND,DELAYED
SHP-00001617,PRD-00042,WH-CENTRAL,2026-05-13,42,42,INBOUND,COMPLETED
SHP-00001618,PRD-00168,WH-EAST,2026-06-16,32,32,OUTBOUND,COMPLETED
SHP-00001619,PRD-00085,WH-EAST,2026-07-18,49,49,INBOUND,COMPLETED
SHP-00001620,PRD-00147,WH-EAST,2026-10-25,41,,OUTBOUND,SCHEDULED
SHP-00001621,PRD-00060,WH-CENTRAL,2026-07-25,13,13,INBOUND,COMPLETED
SHP-00001622,PRD-00163,WH-WEST,2026-06-30,37,36,INBOUND,COMPLETED
SHP-00001623,PRD-00100,WH-CENTRAL,2026-06-27,48,48,OUTBOUND,COMPLETED
SHP-00001624,PRD-00084,WH-EAST,2026-09-23,6,,INBOUND,SCHEDULED
SHP-00001625,PRD-00059,WH-WEST,2026-04-26,8,6,OUTBOUND,COMPLETED
SHP-00001626,PRD-00023,WH-EAST,2026-06-02,40,41,OUTBOUND,COMPLETED
SHP-00001627,PRD-00089,WH-WEST,2026-08-16,43,,INBOUND,SCHEDULED
SHP-00001628,PRD-00176,WH-EAST,2026-10-23,13,,INBOUND,SCHEDULED
SHP-00001629,PRD-00158,WH-WEST,2026-04-29,33,32,OUTBOUND,COMPLETED
SHP-00001630,PRD-00129,WH-CENTRAL,2026-09-24,42,,OUTBOUND,SCHEDULED
SHP-00001631,PRD-00178,WH-EAST,2026-06-11,5,5,OUTBOUND,COMPLETED
SHP-00001632,PRD-00160,WH-WEST,2026-04-11,40,42,OUTBOUND,COMPLETED
SHP-00001633,PRD-00090,WH-EAST,2026-08-04,23,,OUTBOUND,SCHEDULED
SHP-00001634,PRD-00180,WH-WEST,2026-08-13,6,,OUTBOUND,SCHEDULED
SHP-00001635,PRD-00033,WH-EAST,2026-05-27,24,22,OUTBOUND,COMPLETED
SHP-00001636,PRD-00166,WH-WEST,2026-07-23,30,30,OUTBOUND,COMPLETED
SHP-00001637,PRD-00010,WH-CENTRAL,2026-07-12,43,42,OUTBOUND,COMPLETED
SHP-00001638,PRD-00068,WH-CENTRAL,2026-07-04,22,21,OUTBOUND,COMPLETED
SHP-00001639,PRD-00171,WH-EAST,2026-08-12,17,,INBOUND,SCHEDULED
SHP-00001640,PRD-00172,WH-CENTRAL,2026-09-13,42,,INBOUND,SCHEDULED
SHP-00001641,PRD-00084,WH-CENTRAL,2026-06-19,21,18,OUTBOUND,COMPLETED
SHP-00001642,PRD-00182,WH-CENTRAL,2026-10-23,13,,OUTBOUND,SCHEDULED
SHP-00001643,PRD-00177,WH-WEST,2026-10-04,7,,OUTBOUND,SCHEDULED
SHP-00001644,PRD-00011,WH-EAST,2026-07-23,34,34,INBOUND,COMPLETED
SHP-00001645,PRD-00171,WH-EAST,2026-05-07,25,25,INBOUND,COMPLETED
SHP-00001646,PRD-00146,WH-EAST,2026-09-24,18,,OUTBOUND,SCHEDULED
SHP-00001647,PRD-00048,WH-CENTRAL,2026-09-25,10,,INBOUND,SCHEDULED
SHP-00001648,PRD-00033,WH-CENTRAL,2026-09-03,8,,INBOUND,SCHEDULED
SHP-00001649,PRD-00120,WH-EAST,2026-10-04,46,,INBOUND,SCHEDULED
SHP-00001650,PRD-00101,WH-WEST,2026-10-17,18,,INBOUND,SCHEDULED
SHP-00001651,PRD-00106,WH-WEST,2026-10-26,9,,INBOUND,SCHEDULED
SHP-00001652,PRD-00157,WH-WEST,2026-09-19,33,,OUTBOUND,SCHEDULED
SHP-00001653,PRD-00118,WH-WEST,2026-08-07,12,,INBOUND,SCHEDULED
SHP-00001654,PRD-00150,WH-WEST,2026-08-15,36,,OUTBOUND,DELAYED
SHP-00001655,PRD-00084,WH-EAST,2026-10-16,17,,OUTBOUND,SCHEDULED
SHP-00001656,PRD-00199,WH-EAST,2026-06-15,5,2,OUTBOUND,COMPLETED
SHP-00001657,PRD-00102,WH-EAST,2026-04-16,38,35,OUTBOUND,COMPLETED
SHP-00001658,PRD-00054,WH-WEST,2026-07-24,12,12,INBOUND,COMPLETED
SHP-00001659,PRD-00092,WH-EAST,2026-05-15,19,18,OUTBOUND,COMPLETED
SHP-00001660,PRD-00053,WH-WEST,2026-10-02,16,,OUTBOUND,SCHEDULED
SHP-00001661,PRD-00035,WH-CENTRAL,2026-06-19,32,31,INBOUND,COMPLETED
SHP-00001662,PRD-00035,WH-WEST,2026-10-08,6,,INBOUND,SCHEDULED
SHP-00001663,PRD-00148,WH-EAST,2026-08-10,37,,INBOUND,SCHEDULED
SHP-00001664,PRD-00097,WH-EAST,2026-04-26,18,20,INBOUND,COMPLETED
SHP-00001665,PRD-00012,WH-CENTRAL,2026-09-20,41,,INBOUND,SCHEDULED
SHP-00001666,PRD-00031,WH-WEST,2026-06-01,48,49,OUTBOUND,COMPLETED
SHP-00001667,PRD-00087,WH-EAST,2026-10-19,9,,INBOUND,SCHEDULED
SHP-00001668,PRD-00188,WH-EAST,2026-08-31,25,,OUTBOUND,SCHEDULED
SHP-00001669,PRD-00156,WH-EAST,2026-07-11,12,12,INBOUND,COMPLETED
SHP-00001670,PRD-00075,WH-CENTRAL,2026-06-11,9,11,OUTBOUND,COMPLETED
SHP-00001671,PRD-00125,WH-WEST,2026-09-26,46,,OUTBOUND,SCHEDULED
SHP-00001672,PRD-00131,WH-EAST,2026-10-06,52,,INBOUND,SCHEDULED
SHP-00001673,PRD-00084,WH-CENTRAL,2026-10-09,16,,OUTBOUND,SCHEDULED
SHP-00001674,PRD-00198,WH-CENTRAL,2026-07-18,34,35,OUTBOUND,COMPLETED
SHP-00001675,PRD-00002,WH-CENTRAL,2026-09-20,23,,OUTBOUND,SCHEDULED
SHP-00001676,PRD-00089,WH-WEST,2026-06-02,26,25,INBOUND,COMPLETED
SHP-00001677,PRD-00176,WH-WEST,2026-08-16,47,,INBOUND,SCHEDULED
SHP-00001678,PRD-00057,WH-WEST,2026-08-05,24,,OUTBOUND,SCHEDULED
SHP-00001679,PRD-00019,WH-CENTRAL,2026-07-14,12,14,INBOUND,COMPLETED
SHP-00001680,PRD-00024,WH-WEST,2026-07-11,47,46,INBOUND,COMPLETED
SHP-00001681,PRD-00090,WH-CENTRAL,2026-09-03,5,,OUTBOUND,SCHEDULED
SHP-00001682,PRD-00029,WH-WEST,2026-07-25,17,17,INBOUND,COMPLETED
SHP-00001683,PRD-00051,WH-EAST,2026-07-03,52,50,INBOUND,COMPLETED
SHP-00001684,PRD-00106,WH-CENTRAL,2026-07-21,43,43,INBOUND,COMPLETED
SHP-00001685,PRD-00018,WH-CENTRAL,2026-10-22,9,,OUTBOUND,SCHEDULED
SHP-00001686,PRD-00036,WH-EAST,2026-07-28,30,29,INBOUND,COMPLETED
SHP-00001687,PRD-00081,WH-EAST,2026-09-08,19,,OUTBOUND,DELAYED
SHP-00001688,PRD-00081,WH-WEST,2026-09-19,55,,INBOUND,DELAYED
SHP-00001689,PRD-00010,WH-CENTRAL,2026-05-31,39,39,INBOUND,COMPLETED
SHP-00001690,PRD-00116,WH-CENTRAL,2026-10-08,4,,INBOUND,SCHEDULED
SHP-00001691,PRD-00111,WH-WEST,2026-09-30,13,,INBOUND,SCHEDULED
SHP-00001692,PRD-00061,WH-CENTRAL,2026-09-17,17,,INBOUND,SCHEDULED
SHP-00001693,PRD-00124,WH-WEST,2026-08-03,11,,INBOUND,SCHEDULED
SHP-00001694,PRD-00054,WH-CENTRAL,2026-10-19,22,,OUTBOUND,DELAYED
SHP-00001695,PRD-00080,WH-WEST,2026-07-31,30,,OUTBOUND,CANCELLED
SHP-00001696,PRD-00166,WH-EAST,2026-07-08,5,2,INBOUND,COMPLETED
SHP-00001697,PRD-00057,WH-WEST,2026-04-26,15,15,OUTBOUND,COMPLETED
SHP-00001698,PRD-00038,WH-EAST,2026-07-01,46,46,INBOUND,COMPLETED
SHP-00001699,PRD-00034,WH-WEST,2026-07-16,29,29,INBOUND,COMPLETED
SHP-00001700,PRD-00196,WH-EAST,2026-07-13,44,44,INBOUND,COMPLETED
SHP-00001701,PRD-00077,WH-WEST,2026-09-02,42,,INBOUND,SCHEDULED
SHP-00001702,PRD-00038,WH-CENTRAL,2026-10-08,20,,OUTBOUND,SCHEDULED
SHP-00001703,PRD-00191,WH-WEST,2026-08-19,6,,OUTBOUND,SCHEDULED
SHP-00001704,PRD-00165,WH-WEST,2026-10-22,37,,INBOUND,SCHEDULED
SHP-00001705,PRD-00045,WH-WEST,2026-08-29,39,,INBOUND,SCHEDULED
SHP-00001706,PRD-00067,WH-CENTRAL,2026-09-06,25,,OUTBOUND,SCHEDULED
SHP-00001707,PRD-00078,WH-WEST,2026-07-22,18,19,INBOUND,COMPLETED
SHP-00001708,PRD-00063,WH-CENTRAL,2026-09-23,8,,INBOUND,SCHEDULED
SHP-00001709,PRD-00141,WH-CENTRAL,2026-04-22,47,49,OUTBOUND,COMPLETED
SHP-00001710,PRD-00031,WH-WEST,2026-05-30,13,13,OUTBOUND,COMPLETED
SHP-00001711,PRD-00099,WH-EAST,2026-09-10,40,,INBOUND,SCHEDULED
SHP-00001712,PRD-00060,WH-CENTRAL,2026-07-11,8,9,INBOUND,COMPLETED
SHP-00001713,PRD-00035,WH-CENTRAL,2026-05-28,52,49,INBOUND,COMPLETED
SHP-00001714,PRD-00157,WH-WEST,2026-05-02,10,11,OUTBOUND,COMPLETED
SHP-00001715,PRD-00074,WH-EAST,2026-06-20,23,21,OUTBOUND,COMPLETED
SHP-00001716,PRD-00198,WH-WEST,2026-04-17,17,17,INBOUND,COMPLETED
SHP-00001717,PRD-00018,WH-WEST,2026-05-14,15,15,INBOUND,COMPLETED
SHP-00001718,PRD-00125,WH-WEST,2026-07-16,13,10,OUTBOUND,COMPLETED
SHP-00001719,PRD-00135,WH-WEST,2026-09-13,23,,OUTBOUND,SCHEDULED
SHP-00001720,PRD-00089,WH-WEST,2026-05-07,39,41,OUTBOUND,COMPLETED
SHP-00001721,PRD-00191,WH-WEST,2026-05-30,46,46,INBOUND,COMPLETED
SHP-00001722,PRD-00104,WH-EAST,2026-09-21,31,,OUTBOUND,SCHEDULED
SHP-00001723,PRD-00014,WH-WEST,2026-04-04,17,18,OUTBOUND,COMPLETED
SHP-00001724,PRD-00160,WH-WEST,2026-05-13,43,42,OUTBOUND,COMPLETED
SHP-00001725,PRD-00076,WH-CENTRAL,2026-10-21,36,,OUTBOUND,SCHEDULED
SHP-00001726,PRD-00010,WH-EAST,2026-04-18,18,19,INBOUND,COMPLETED
SHP-00001727,PRD-00184,WH-CENTRAL,2026-09-10,5,,OUTBOUND,SCHEDULED
SHP-00001728,PRD-00192,WH-CENTRAL,2026-04-20,9,9,INBOUND,COMPLETED
SHP-00001729,PRD-00069,WH-CENTRAL,2026-09-16,4,,OUTBOUND,SCHEDULED
SHP-00001730,PRD-00098,WH-CENTRAL,2026-07-14,8,,INBOUND,CANCELLED
SHP-00001731,PRD-00024,WH-CENTRAL,2026-08-16,54,,INBOUND,SCHEDULED
SHP-00001732,PRD-00127,WH-CENTRAL,2026-05-05,24,25,INBOUND,COMPLETED
SHP-00001733,PRD-00087,WH-WEST,2026-09-22,17,,INBOUND,SCHEDULED
SHP-00001734,PRD-00144,WH-WEST,2026-04-06,54,56,INBOUND,COMPLETED
SHP-00001735,PRD-00124,WH-CENTRAL,2026-05-14,46,44,INBOUND,COMPLETED
SHP-00001736,PRD-00024,WH-CENTRAL,2026-09-11,15,,OUTBOUND,SCHEDULED
SHP-00001737,PRD-00036,WH-CENTRAL,2026-05-21,47,45,INBOUND,COMPLETED
SHP-00001738,PRD-00080,WH-CENTRAL,2026-10-25,19,,OUTBOUND,SCHEDULED
SHP-00001739,PRD-00136,WH-WEST,2026-07-15,13,12,INBOUND,COMPLETED
SHP-00001740,PRD-00013,WH-CENTRAL,2026-05-03,24,22,OUTBOUND,COMPLETED
SHP-00001741,PRD-00191,WH-WEST,2026-06-22,34,34,OUTBOUND,COMPLETED
SHP-00001742,PRD-00133,WH-EAST,2026-08-24,20,,INBOUND,SCHEDULED
SHP-00001743,PRD-00049,WH-EAST,2026-09-11,39,,INBOUND,SCHEDULED
SHP-00001744,PRD-00107,WH-CENTRAL,2026-05-15,31,31,OUTBOUND,COMPLETED
SHP-00001745,PRD-00122,WH-WEST,2026-08-23,37,,OUTBOUND,DELAYED
SHP-00001746,PRD-00055,WH-CENTRAL,2026-07-23,53,53,INBOUND,COMPLETED
SHP-00001747,PRD-00022,WH-WEST,2026-10-17,30,,INBOUND,SCHEDULED
SHP-00001748,PRD-00044,WH-EAST,2026-05-03,18,18,INBOUND,COMPLETED
SHP-00001749,PRD-00179,WH-WEST,2026-10-30,24,,INBOUND,SCHEDULED
SHP-00001750,PRD-00045,WH-EAST,2026-07-26,9,9,INBOUND,COMPLETED
SHP-00001751,PRD-00108,WH-EAST,2026-05-14,34,35,OUTBOUND,COMPLETED
SHP-00001752,PRD-00118,WH-WEST,2026-04-23,24,24,OUTBOUND,COMPLETED
SHP-00001753,PRD-00054,WH-WEST,2026-06-24,9,11,OUTBOUND,COMPLETED
SHP-00001754,PRD-00021,WH-WEST,2026-06-19,27,28,OUTBOUND,COMPLETED
SHP-00001755,PRD-00125,WH-EAST,2026-07-11,29,28,OUTBOUND,COMPLETED
SHP-00001756,PRD-00011,WH-CENTRAL,2026-06-17,12,12,OUTBOUND,COMPLETED
SHP-00001757,PRD-00062,WH-EAST,2026-10-26,37,,OUTBOUND,SCHEDULED
SHP-00001758,PRD-00152,WH-WEST,2026-06-04,45,44,OUTBOUND,COMPLETED
SHP-00001759,PRD-00019,WH-WEST,2026-05-01,6,3,INBOUND,COMPLETED
SHP-00001760,PRD-00086,WH-EAST,2026-10-16,7,,OUTBOUND,SCHEDULED
SHP-00001761,PRD-00153,WH-WEST,2026-06-06,35,32,OUTBOUND,COMPLETED
SHP-00001762,PRD-00160,WH-WEST,2026-05-18,46,47,INBOUND,COMPLETED
SHP-00001763,PRD-00190,WH-WEST,2026-08-05,11,,INBOUND,SCHEDULED
SHP-00001764,PRD-00036,WH-EAST,2026-05-29,27,29,OUTBOUND,COMPLETED
SHP-00001765,PRD-00031,WH-EAST,2026-04-13,9,9,INBOUND,COMPLETED
SHP-00001766,PRD-00177,WH-EAST,2026-08-29,42,,OUTBOUND,SCHEDULED
SHP-00001767,PRD-00142,WH-WEST,2026-04-07,37,37,OUTBOUND,COMPLETED
SHP-00001768,PRD-00083,WH-EAST,2026-10-13,20,,OUTBOUND,SCHEDULED
SHP-00001769,PRD-00162,WH-EAST,2026-10-18,40,,OUTBOUND,SCHEDULED
SHP-00001770,PRD-00127,WH-WEST,2026-10-23,33,,INBOUND,SCHEDULED
SHP-00001771,PRD-00044,WH-WEST,2026-09-30,30,,OUTBOUND,SCHEDULED
SHP-00001772,PRD-00131,WH-WEST,2026-04-17,4,3,OUTBOUND,COMPLETED
SHP-00001773,PRD-00053,WH-CENTRAL,2026-09-22,37,,INBOUND,SCHEDULED
SHP-00001774,PRD-00164,WH-EAST,2026-06-12,38,38,OUTBOUND,COMPLETED
SHP-00001775,PRD-00136,WH-CENTRAL,2026-06-05,16,13,OUTBOUND,COMPLETED
SHP-00001776,PRD-00022,WH-CENTRAL,2026-07-08,11,10,OUTBOUND,COMPLETED
SHP-00001777,PRD-00166,WH-WEST,2026-09-13,46,,INBOUND,SCHEDULED
SHP-00001778,PRD-00029,WH-WEST,2026-04-21,27,27,INBOUND,COMPLETED
SHP-00001779,PRD-00062,WH-CENTRAL,2026-08-25,23,,OUTBOUND,SCHEDULED
SHP-00001780,PRD-00069,WH-EAST,2026-09-25,9,,INBOUND,SCHEDULED
SHP-00001781,PRD-00029,WH-WEST,2026-04-23,30,,OUTBOUND,CANCELLED
SHP-00001782,PRD-00074,WH-WEST,2026-05-13,47,45,OUTBOUND,COMPLETED
SHP-00001783,PRD-00194,WH-WEST,2026-09-03,37,,OUTBOUND,SCHEDULED
SHP-00001784,PRD-00048,WH-WEST,2026-10-01,11,,INBOUND,SCHEDULED
SHP-00001785,PRD-00052,WH-WEST,2026-06-04,36,34,OUTBOUND,COMPLETED
SHP-00001786,PRD-00005,WH-CENTRAL,2026-05-28,45,47,OUTBOUND,COMPLETED
SHP-00001787,PRD-00090,WH-CENTRAL,2026-05-04,45,45,OUTBOUND,COMPLETED
SHP-00001788,PRD-00050,WH-CENTRAL,2026-10-11,18,,OUTBOUND,SCHEDULED
SHP-00001789,PRD-00097,WH-EAST,2026-04-03,37,34,OUTBOUND,COMPLETED
SHP-00001790,PRD-00122,WH-CENTRAL,2026-09-09,55,,INBOUND,SCHEDULED
SHP-00001791,PRD-00037,WH-WEST,2026-05-12,19,21,INBOUND,COMPLETED
SHP-00001792,PRD-00106,WH-CENTRAL,2026-05-03,34,34,INBOUND,COMPLETED
SHP-00001793,PRD-00069,WH-CENTRAL,2026-06-21,33,32,INBOUND,COMPLETED
SHP-00001794,PRD-00073,WH-EAST,2026-04-25,36,38,INBOUND,COMPLETED
SHP-00001795,PRD-00043,WH-CENTRAL,2026-06-07,24,21,INBOUND,COMPLETED
SHP-00001796,PRD-00009,WH-CENTRAL,2026-06-22,37,36,OUTBOUND,COMPLETED
SHP-00001797,PRD-00190,WH-WEST,2026-08-15,50,,INBOUND,SCHEDULED
SHP-00001798,PRD-00164,WH-EAST,2026-07-05,53,51,INBOUND,COMPLETED
SHP-00001799,PRD-00155,WH-CENTRAL,2026-05-28,17,17,OUTBOUND,COMPLETED
SHP-00001800,PRD-00175,WH-WEST,2026-05-05,23,25,OUTBOUND,COMPLETED
SHP-00001801,PRD-00165,WH-CENTRAL,2026-05-08,5,2,INBOUND,COMPLETED
SHP-00001802,PRD-00195,WH-CENTRAL,2026-09-28,37,,OUTBOUND,SCHEDULED
SHP-00001803,PRD-00176,WH-CENTRAL,2026-05-26,12,12,OUTBOUND,COMPLETED
SHP-00001804,PRD-00041,WH-WEST,2026-06-03,5,6,OUTBOUND,COMPLETED
SHP-00001805,PRD-00141,WH-WEST,2026-10-06,36,,INBOUND,SCHEDULED
SHP-00001806,PRD-00111,WH-WEST,2026-08-20,26,,INBOUND,SCHEDULED
SHP-00001807,PRD-00157,WH-CENTRAL,2026-10-11,8,,OUTBOUND,SCHEDULED
SHP-00001808,PRD-00069,WH-WEST,2026-06-28,38,38,OUTBOUND,COMPLETED
SHP-00001809,PRD-00081,WH-WEST,2026-08-19,45,,OUTBOUND,SCHEDULED
SHP-00001810,PRD-00128,WH-CENTRAL,2026-05-13,32,32,OUTBOUND,COMPLETED
SHP-00001811,PRD-00018,WH-EAST,2026-08-28,41,,INBOUND,SCHEDULED
SHP-00001812,PRD-00107,WH-CENTRAL,2026-08-09,44,,INBOUND,SCHEDULED
SHP-00001813,PRD-00186,WH-WEST,2026-07-03,50,48,INBOUND,COMPLETED
SHP-00001814,PRD-00197,WH-WEST,2026-06-23,34,34,OUTBOUND,COMPLETED
SHP-00001815,PRD-00107,WH-EAST,2026-09-03,34,,INBOUND,CANCELLED
SHP-00001816,PRD-00137,WH-CENTRAL,2026-10-04,17,,INBOUND,SCHEDULED
SHP-00001817,PRD-00130,WH-EAST,2026-06-13,40,41,INBOUND,COMPLETED
SHP-00001818,PRD-00151,WH-CENTRAL,2026-08-27,44,,INBOUND,SCHEDULED
SHP-00001819,PRD-00069,WH-EAST,2026-09-09,21,,INBOUND,SCHEDULED
SHP-00001820,PRD-00023,WH-CENTRAL,2026-08-10,24,,OUTBOUND,SCHEDULED
SHP-00001821,PRD-00039,WH-CENTRAL,2026-04-26,14,,INBOUND,CANCELLED
SHP-00001822,PRD-00194,WH-CENTRAL,2026-09-05,12,,OUTBOUND,SCHEDULED
SHP-00001823,PRD-00092,WH-EAST,2026-04-25,12,14,OUTBOUND,COMPLETED
SHP-00001824,PRD-00008,WH-CENTRAL,2026-05-16,8,10,OUTBOUND,COMPLETED
SHP-00001825,PRD-00008,WH-CENTRAL,2026-04-25,9,,OUTBOUND,CANCELLED
SHP-00001826,PRD-00061,WH-WEST,2026-08-17,42,,OUTBOUND,SCHEDULED
SHP-00001827,PRD-00021,WH-WEST,2026-05-12,16,18,OUTBOUND,COMPLETED
SHP-00001828,PRD-00080,WH-CENTRAL,2026-10-08,14,,OUTBOUND,SCHEDULED
SHP-00001829,PRD-00067,WH-CENTRAL,2026-05-02,13,13,OUTBOUND,COMPLETED
SHP-00001830,PRD-00104,WH-WEST,2026-05-28,46,47,OUTBOUND,COMPLETED
SHP-00001831,PRD-00198,WH-WEST,2026-08-17,34,,OUTBOUND,SCHEDULED
SHP-00001832,PRD-00166,WH-CENTRAL,2026-08-27,40,,OUTBOUND,SCHEDULED
SHP-00001833,PRD-00168,WH-EAST,2026-10-12,5,,OUTBOUND,SCHEDULED
SHP-00001834,PRD-00044,WH-EAST,2026-09-15,8,,OUTBOUND,SCHEDULED
SHP-00001835,PRD-00036,WH-WEST,2026-04-20,6,6,OUTBOUND,COMPLETED
SHP-00001836,PRD-00087,WH-EAST,2026-06-29,40,40,OUTBOUND,COMPLETED
SHP-00001837,PRD-00057,WH-WEST,2026-08-02,25,,OUTBOUND,SCHEDULED
SHP-00001838,PRD-00114,WH-EAST,2026-06-01,18,19,OUTBOUND,COMPLETED
SHP-00001839,PRD-00051,WH-WEST,2026-05-26,41,38,OUTBOUND,COMPLETED
SHP-00001840,PRD-00014,WH-WEST,2026-07-02,21,20,INBOUND,COMPLETED
SHP-00001841,PRD-00085,WH-EAST,2026-07-09,42,39,INBOUND,COMPLETED
SHP-00001842,PRD-00024,WH-EAST,2026-05-21,10,7,INBOUND,COMPLETED
SHP-00001843,PRD-00188,WH-EAST,2026-09-19,10,,OUTBOUND,SCHEDULED
SHP-00001844,PRD-00096,WH-EAST,2026-09-24,41,,OUTBOUND,SCHEDULED
SHP-00001845,PRD-00021,WH-WEST,2026-04-27,37,34,OUTBOUND,COMPLETED
SHP-00001846,PRD-00143,WH-EAST,2026-08-15,32,,OUTBOUND,SCHEDULED
SHP-00001847,PRD-00128,WH-CENTRAL,2026-08-05,38,,OUTBOUND,SCHEDULED
SHP-00001848,PRD-00193,WH-WEST,2026-06-07,46,43,INBOUND,COMPLETED
SHP-00001849,PRD-00062,WH-EAST,2026-08-26,7,,INBOUND,DELAYED
SHP-00001850,PRD-00047,WH-CENTRAL,2026-07-20,14,14,INBOUND,COMPLETED
SHP-00001851,PRD-00007,WH-CENTRAL,2026-10-02,25,,OUTBOUND,SCHEDULED
SHP-00001852,PRD-00162,WH-CENTRAL,2026-06-26,15,15,INBOUND,COMPLETED
SHP-00001853,PRD-00118,WH-CENTRAL,2026-10-19,13,,OUTBOUND,SCHEDULED
SHP-00001854,PRD-00100,WH-EAST,2026-08-25,25,,INBOUND,SCHEDULED
SHP-00001855,PRD-00127,WH-EAST,2026-08-15,39,,OUTBOUND,SCHEDULED
SHP-00001856,PRD-00142,WH-WEST,2026-09-29,35,,OUTBOUND,SCHEDULED
SHP-00001857,PRD-00091,WH-EAST,2026-04-12,50,52,INBOUND,COMPLETED
SHP-00001858,PRD-00124,WH-WEST,2026-04-08,42,40,OUTBOUND,COMPLETED
SHP-00001859,PRD-00096,WH-WEST,2026-05-26,21,21,OUTBOUND,COMPLETED
SHP-00001860,PRD-00005,WH-CENTRAL,2026-10-09,34,,OUTBOUND,SCHEDULED
SHP-00001861,PRD-00151,WH-WEST,2026-09-05,11,,OUTBOUND,SCHEDULED
SHP-00001862,PRD-00041,WH-CENTRAL,2026-06-04,32,33,INBOUND,COMPLETED
SHP-00001863,PRD-00184,WH-CENTRAL,2026-06-19,52,49,INBOUND,COMPLETED
SHP-00001864,PRD-00103,WH-WEST,2026-10-11,13,,OUTBOUND,SCHEDULED
SHP-00001865,PRD-00121,WH-EAST,2026-09-13,30,,INBOUND,SCHEDULED
SHP-00001866,PRD-00082,WH-EAST,2026-05-28,29,31,INBOUND,COMPLETED
SHP-00001867,PRD-00086,WH-CENTRAL,2026-05-24,26,28,OUTBOUND,COMPLETED
SHP-00001868,PRD-00058,WH-EAST,2026-05-20,5,3,OUTBOUND,COMPLETED
SHP-00001869,PRD-00164,WH-WEST,2026-10-13,48,,OUTBOUND,SCHEDULED
SHP-00001870,PRD-00063,WH-WEST,2026-07-30,23,20,OUTBOUND,COMPLETED
SHP-00001871,PRD-00051,WH-WEST,2026-10-20,6,,OUTBOUND,SCHEDULED
SHP-00001872,PRD-00077,WH-WEST,2026-08-12,22,,OUTBOUND,SCHEDULED
SHP-00001873,PRD-00089,WH-EAST,2026-06-19,9,6,OUTBOUND,COMPLETED
SHP-00001874,PRD-00132,WH-WEST,2026-06-18,10,7,INBOUND,COMPLETED
SHP-00001875,PRD-00049,WH-CENTRAL,2026-08-04,11,,OUTBOUND,DELAYED
SHP-00001876,PRD-00060,WH-EAST,2026-06-10,30,31,OUTBOUND,COMPLETED
SHP-00001877,PRD-00082,WH-EAST,2026-06-19,35,35,OUTBOUND,COMPLETED
SHP-00001878,PRD-00122,WH-CENTRAL,2026-10-01,7,,OUTBOUND,DELAYED
SHP-00001879,PRD-00173,WH-WEST,2026-08-11,18,,INBOUND,SCHEDULED
SHP-00001880,PRD-00092,WH-CENTRAL,2026-10-03,35,,INBOUND,SCHEDULED
SHP-00001881,PRD-00161,WH-CENTRAL,2026-09-01,45,,OUTBOUND,SCHEDULED
SHP-00001882,PRD-00164,WH-EAST,2026-07-03,39,39,OUTBOUND,COMPLETED
SHP-00001883,PRD-00082,WH-WEST,2026-04-13,48,50,INBOUND,COMPLETED
SHP-00001884,PRD-00069,WH-CENTRAL,2026-09-14,48,,OUTBOUND,SCHEDULED
SHP-00001885,PRD-00096,WH-CENTRAL,2026-05-06,45,46,OUTBOUND,COMPLETED
SHP-00001886,PRD-00126,WH-WEST,2026-04-25,18,18,OUTBOUND,COMPLETED
SHP-00001887,PRD-00080,WH-CENTRAL,2026-09-25,17,,OUTBOUND,SCHEDULED
SHP-00001888,PRD-00054,WH-EAST,2026-05-25,22,19,INBOUND,COMPLETED
SHP-00001889,PRD-00068,WH-WEST,2026-05-16,42,42,INBOUND,COMPLETED
SHP-00001890,PRD-00096,WH-CENTRAL,2026-04-13,46,46,INBOUND,COMPLETED
SHP-00001891,PRD-00162,WH-WEST,2026-09-06,30,,INBOUND,SCHEDULED
SHP-00001892,PRD-00178,WH-WEST,2026-06-25,23,21,INBOUND,COMPLETED
SHP-00001893,PRD-00141,WH-EAST,2026-10-10,39,,OUTBOUND,DELAYED
SHP-00001894,PRD-00074,WH-EAST,2026-07-18,34,34,INBOUND,COMPLETED
SHP-00001895,PRD-00169,WH-CENTRAL,2026-08-04,20,,OUTBOUND,SCHEDULED
SHP-00001896,PRD-00133,WH-EAST,2026-07-27,41,43,OUTBOUND,COMPLETED
SHP-00001897,PRD-00072,WH-CENTRAL,2026-10-23,50,,INBOUND,SCHEDULED
SHP-00001898,PRD-00052,WH-WEST,2026-06-04,7,7,INBOUND,COMPLETED
SHP-00001899,PRD-00130,WH-CENTRAL,2026-06-10,21,18,OUTBOUND,COMPLETED
SHP-00001900,PRD-00032,WH-WEST,2026-10-25,25,,INBOUND,SCHEDULED
SHP-00001901,PRD-00153,WH-WEST,2026-07-25,24,22,OUTBOUND,COMPLETED
SHP-00001902,PRD-00174,WH-WEST,2026-06-09,30,32,OUTBOUND,COMPLETED
SHP-00001903,PRD-00045,WH-WEST,2026-05-13,9,8,OUTBOUND,COMPLETED
SHP-00001904,PRD-00031,WH-CENTRAL,2026-06-26,26,27,OUTBOUND,COMPLETED
SHP-00001905,PRD-00127,WH-WEST,2026-09-18,29,,INBOUND,SCHEDULED
SHP-00001906,PRD-00122,WH-CENTRAL,2026-08-12,10,,INBOUND,SCHEDULED
SHP-00001907,PRD-00180,WH-CENTRAL,2026-10-29,25,,INBOUND,SCHEDULED
SHP-00001908,PRD-00023,WH-CENTRAL,2026-06-08,16,16,OUTBOUND,COMPLETED
SHP-00001909,PRD-00036,WH-EAST,2026-05-22,30,29,INBOUND,COMPLETED
SHP-00001910,PRD-00144,WH-CENTRAL,2026-06-26,30,32,OUTBOUND,COMPLETED
SHP-00001911,PRD-00132,WH-WEST,2026-10-16,6,,INBOUND,SCHEDULED
SHP-00001912,PRD-00195,WH-WEST,2026-05-01,14,13,OUTBOUND,COMPLETED
SHP-00001913,PRD-00075,WH-EAST,2026-06-05,45,42,OUTBOUND,COMPLETED
SHP-00001914,PRD-00165,WH-CENTRAL,2026-06-13,36,37,OUTBOUND,COMPLETED
SHP-00001915,PRD-00081,WH-EAST,2026-08-04,21,,INBOUND,CANCELLED
SHP-00001916,PRD-00004,WH-WEST,2026-08-25,24,,OUTBOUND,SCHEDULED
SHP-00001917,PRD-00067,WH-CENTRAL,2026-07-13,20,22,INBOUND,COMPLETED
SHP-00001918,PRD-00063,WH-CENTRAL,2026-06-14,22,24,OUTBOUND,COMPLETED
SHP-00001919,PRD-00037,WH-EAST,2026-10-08,27,,INBOUND,SCHEDULED
SHP-00001920,PRD-00161,WH-WEST,2026-06-29,45,45,OUTBOUND,COMPLETED
SHP-00001921,PRD-00053,WH-CENTRAL,2026-08-07,36,,INBOUND,SCHEDULED
SHP-00001922,PRD-00033,WH-CENTRAL,2026-06-01,44,46,OUTBOUND,COMPLETED
SHP-00001923,PRD-00098,WH-EAST,2026-06-24,15,15,INBOUND,COMPLETED
SHP-00001924,PRD-00108,WH-CENTRAL,2026-05-13,38,38,INBOUND,COMPLETED
SHP-00001925,PRD-00117,WH-EAST,2026-07-14,35,34,INBOUND,COMPLETED
SHP-00001926,PRD-00155,WH-EAST,2026-06-23,26,26,OUTBOUND,COMPLETED
SHP-00001927,PRD-00080,WH-CENTRAL,2026-06-16,17,17,OUTBOUND,COMPLETED
SHP-00001928,PRD-00145,WH-EAST,2026-08-03,44,,OUTBOUND,SCHEDULED
SHP-00001929,PRD-00017,WH-EAST,2026-08-29,23,,OUTBOUND,SCHEDULED
SHP-00001930,PRD-00009,WH-EAST,2026-10-18,35,,INBOUND,CANCELLED
SHP-00001931,PRD-00128,WH-WEST,2026-09-25,26,,OUTBOUND,SCHEDULED
SHP-00001932,PRD-00100,WH-CENTRAL,2026-06-29,17,17,OUTBOUND,COMPLETED
SHP-00001933,PRD-00134,WH-CENTRAL,2026-06-08,46,43,INBOUND,COMPLETED
SHP-00001934,PRD-00128,WH-EAST,2026-07-22,26,23,OUTBOUND,COMPLETED
SHP-00001935,PRD-00059,WH-EAST,2026-09-27,45,,INBOUND,CANCELLED
SHP-00001936,PRD-00181,WH-WEST,2026-07-11,32,30,OUTBOUND,COMPLETED
SHP-00001937,PRD-00100,WH-WEST,2026-07-13,39,38,OUTBOUND,COMPLETED
SHP-00001938,PRD-00189,WH-WEST,2026-05-09,16,17,OUTBOUND,COMPLETED
SHP-00001939,PRD-00024,WH-WEST,2026-09-17,25,,OUTBOUND,SCHEDULED
SHP-00001940,PRD-00106,WH-CENTRAL,2026-05-02,32,32,OUTBOUND,COMPLETED
SHP-00001941,PRD-00056,WH-CENTRAL,2026-04-29,8,8,INBOUND,COMPLETED
SHP-00001942,PRD-00001,WH-WEST,2026-08-15,13,,INBOUND,SCHEDULED
SHP-00001943,PRD-00168,WH-WEST,2026-09-09,25,,OUTBOUND,SCHEDULED
SHP-00001944,PRD-00159,WH-EAST,2026-04-13,49,47,INBOUND,COMPLETED
SHP-00001945,PRD-00050,WH-CENTRAL,2026-07-15,52,51,INBOUND,COMPLETED
SHP-00001946,PRD-00095,WH-EAST,2026-05-04,22,22,INBOUND,COMPLETED
SHP-00001947,PRD-00065,WH-CENTRAL,2026-09-24,53,,INBOUND,SCHEDULED
SHP-00001948,PRD-00173,WH-WEST,2026-07-24,53,51,INBOUND,COMPLETED
SHP-00001949,PRD-00064,WH-CENTRAL,2026-06-22,14,16,OUTBOUND,COMPLETED
SHP-00001950,PRD-00051,WH-WEST,2026-05-22,17,14,INBOUND,COMPLETED
SHP-00001951,PRD-00116,WH-WEST,2026-10-07,47,,INBOUND,SCHEDULED
SHP-00001952,PRD-00174,WH-WEST,2026-10-28,21,,OUTBOUND,SCHEDULED
SHP-00001953,PRD-00059,WH-CENTRAL,2026-10-26,18,,INBOUND,SCHEDULED
SHP-00001954,PRD-00192,WH-CENTRAL,2026-09-16,19,,INBOUND,DELAYED
SHP-00001955,PRD-00145,WH-CENTRAL,2026-10-29,28,,OUTBOUND,SCHEDULED
SHP-00001956,PRD-00018,WH-WEST,2026-04-24,18,18,INBOUND,COMPLETED
SHP-00001957,PRD-00088,WH-CENTRAL,2026-04-27,39,39,OUTBOUND,COMPLETED
SHP-00001958,PRD-00147,WH-EAST,2026-07-09,18,17,INBOUND,COMPLETED
SHP-00001959,PRD-00152,WH-EAST,2026-08-17,28,,INBOUND,SCHEDULED
SHP-00001960,PRD-00113,WH-CENTRAL,2026-04-08,21,23,OUTBOUND,COMPLETED
SHP-00001961,PRD-00148,WH-CENTRAL,2026-10-19,8,,OUTBOUND,DELAYED
SHP-00001962,PRD-00132,WH-EAST,2026-08-11,33,,OUTBOUND,SCHEDULED
SHP-00001963,PRD-00005,WH-WEST,2026-06-08,33,35,OUTBOUND,COMPLETED
SHP-00001964,PRD-00047,WH-CENTRAL,2026-06-27,27,28,OUTBOUND,COMPLETED
SHP-00001965,PRD-00138,WH-EAST,2026-08-08,42,,INBOUND,CANCELLED
SHP-00001966,PRD-00137,WH-WEST,2026-04-12,27,29,OUTBOUND,COMPLETED
SHP-00001967,PRD-00110,WH-WEST,2026-08-10,47,,INBOUND,SCHEDULED
SHP-00001968,PRD-00084,WH-WEST,2026-10-30,26,,OUTBOUND,SCHEDULED
SHP-00001969,PRD-00076,WH-CENTRAL,2026-05-10,30,,OUTBOUND,CANCELLED
SHP-00001970,PRD-00130,WH-WEST,2026-05-01,5,4,OUTBOUND,COMPLETED
SHP-00001971,PRD-00105,WH-WEST,2026-09-24,4,,INBOUND,SCHEDULED
SHP-00001972,PRD-00149,WH-WEST,2026-04-30,44,45,INBOUND,COMPLETED
SHP-00001973,PRD-00114,WH-WEST,2026-05-18,40,40,INBOUND,COMPLETED
SHP-00001974,PRD-00122,WH-WEST,2026-06-03,38,38,INBOUND,COMPLETED
SHP-00001975,PRD-00085,WH-CENTRAL,2026-05-03,27,27,INBOUND,COMPLETED
SHP-00001976,PRD-00003,WH-CENTRAL,2026-08-08,40,,INBOUND,SCHEDULED
SHP-00001977,PRD-00109,WH-CENTRAL,2026-05-22,3,1,OUTBOUND,COMPLETED
SHP-00001978,PRD-00029,WH-CENTRAL,2026-07-18,8,9,OUTBOUND,COMPLETED
SHP-00001979,PRD-00141,WH-WEST,2026-06-22,33,33,INBOUND,COMPLETED
SHP-00001980,PRD-00115,WH-CENTRAL,2026-10-22,35,,INBOUND,SCHEDULED
SHP-00001981,PRD-00058,WH-EAST,2026-06-30,22,19,OUTBOUND,COMPLETED
SHP-00001982,PRD-00034,WH-CENTRAL,2026-07-18,20,19,INBOUND,COMPLETED
SHP-00001983,PRD-00109,WH-EAST,2026-09-23,52,,INBOUND,SCHEDULED
SHP-00001984,PRD-00167,WH-EAST,2026-06-10,42,42,INBOUND,COMPLETED
SHP-00001985,PRD-00080,WH-EAST,2026-05-10,8,5,INBOUND,COMPLETED
SHP-00001986,PRD-00169,WH-CENTRAL,2026-10-28,21,,INBOUND,CANCELLED
SHP-00001987,PRD-00150,WH-WEST,2026-04-28,14,14,INBOUND,COMPLETED
SHP-00001988,PRD-00179,WH-WEST,2026-06-10,35,32,INBOUND,COMPLETED
SHP-00001989,PRD-00109,WH-WEST,2026-10-10,34,,INBOUND,SCHEDULED
SHP-00001990,PRD-00123,WH-WEST,2026-10-25,11,,OUTBOUND,SCHEDULED
SHP-00001991,PRD-00007,WH-CENTRAL,2026-10-03,44,,OUTBOUND,SCHEDULED
SHP-00001992,PRD-00070,WH-WEST,2026-09-29,6,,OUTBOUND,SCHEDULED
SHP-00001993,PRD-00125,WH-EAST,2026-08-28,16,,INBOUND,SCHEDULED
SHP-00001994,PRD-00032,WH-CENTRAL,2026-10-06,12,,INBOUND,DELAYED
SHP-00001995,PRD-00141,WH-WEST,2026-06-26,12,14,INBOUND,COMPLETED
SHP-00001996,PRD-00065,WH-CENTRAL,2026-05-08,9,11,OUTBOUND,COMPLETED
SHP-00001997,PRD-00146,WH-WEST,2026-08-11,40,,OUTBOUND,SCHEDULED
SHP-00001998,PRD-00019,WH-WEST,2026-05-01,37,37,OUTBOUND,COMPLETED
SHP-00001999,PRD-00007,WH-EAST,2026-06-04,23,25,OUTBOUND,COMPLETED
SHP-00002000,PRD-00059,WH-EAST,2026-08-30,15,,INBOUND,SCHEDULED
SHP-00002001,PRD-00037,WH-CENTRAL,2026-09-08,19,,OUTBOUND,SCHEDULED
SHP-00002002,PRD-00141,WH-CENTRAL,2026-05-14,37,34,OUTBOUND,COMPLETED
SHP-00002003,PRD-00156,WH-WEST,2026-05-20,22,19,OUTBOUND,COMPLETED
SHP-00002004,PRD-00167,WH-EAST,2026-07-24,48,47,OUTBOUND,COMPLETED
SHP-00002005,PRD-00113,WH-EAST,2026-06-23,12,12,INBOUND,COMPLETED
SHP-00002006,PRD-00111,WH-EAST,2026-05-08,51,53,INBOUND,COMPLETED
SHP-00002007,PRD-00175,WH-CENTRAL,2026-09-20,18,,OUTBOUND,SCHEDULED
SHP-00002008,PRD-00178,WH-CENTRAL,2026-08-14,20,,OUTBOUND,DELAYED
SHP-00002009,PRD-00014,WH-WEST,2026-06-04,15,15,INBOUND,COMPLETED
SHP-00002010,PRD-00114,WH-WEST,2026-07-29,25,24,OUTBOUND,COMPLETED
SHP-00002011,PRD-00178,WH-EAST,2026-08-08,19,,INBOUND,SCHEDULED
SHP-00002012,PRD-00150,WH-WEST,2026-10-14,7,,INBOUND,SCHEDULED
SHP-00002013,PRD-00016,WH-CENTRAL,2026-05-20,7,4,OUTBOUND,COMPLETED
SHP-00002014,PRD-00118,WH-EAST,2026-05-09,25,27,INBOUND,COMPLETED
SHP-00002015,PRD-00071,WH-CENTRAL,2026-09-18,44,,INBOUND,SCHEDULED
SHP-00002016,PRD-00038,WH-WEST,2026-06-11,33,32,INBOUND,COMPLETED
SHP-00002017,PRD-00180,WH-WEST,2026-05-17,18,18,INBOUND,COMPLETED
SHP-00002018,PRD-00006,WH-CENTRAL,2026-06-19,30,28,INBOUND,COMPLETED
SHP-00002019,PRD-00038,WH-WEST,2026-08-10,30,,OUTBOUND,SCHEDULED
SHP-00002020,PRD-00077,WH-EAST,2026-05-22,16,16,OUTBOUND,COMPLETED
SHP-00002021,PRD-00011,WH-EAST,2026-09-15,31,,INBOUND,SCHEDULED
SHP-00002022,PRD-00085,WH-WEST,2026-08-11,3,,OUTBOUND,DELAYED
SHP-00002023,PRD-00009,WH-EAST,2026-06-07,31,30,OUTBOUND,COMPLETED
SHP-00002024,PRD-00070,WH-CENTRAL,2026-07-03,13,10,OUTBOUND,COMPLETED
SHP-00002025,PRD-00146,WH-WEST,2026-07-27,46,46,OUTBOUND,COMPLETED
SHP-00002026,PRD-00029,WH-EAST,2026-06-16,21,20,OUTBOUND,COMPLETED
SHP-00002027,PRD-00061,WH-EAST,2026-07-08,23,24,INBOUND,COMPLETED
SHP-00002028,PRD-00155,WH-WEST,2026-10-02,16,,OUTBOUND,SCHEDULED
SHP-00002029,PRD-00113,WH-EAST,2026-06-09,43,45,OUTBOUND,COMPLETED
SHP-00002030,PRD-00005,WH-CENTRAL,2026-10-06,43,,INBOUND,SCHEDULED
SHP-00002031,PRD-00189,WH-EAST,2026-05-27,26,26,INBOUND,COMPLETED
SHP-00002032,PRD-00090,WH-EAST,2026-09-26,48,,INBOUND,SCHEDULED
SHP-00002033,PRD-00101,WH-EAST,2026-07-02,13,11,OUTBOUND,COMPLETED
SHP-00002034,PRD-00056,WH-CENTRAL,2026-04-29,17,18,OUTBOUND,COMPLETED
SHP-00002035,PRD-00126,WH-WEST,2026-10-07,31,,OUTBOUND,SCHEDULED
SHP-00002036,PRD-00121,WH-WEST,2026-06-03,38,38,INBOUND,COMPLETED
SHP-00002037,PRD-00108,WH-EAST,2026-05-09,25,26,OUTBOUND,COMPLETED
SHP-00002038,PRD-00176,WH-CENTRAL,2026-10-21,38,,OUTBOUND,SCHEDULED
SHP-00002039,PRD-00123,WH-CENTRAL,2026-10-25,37,,OUTBOUND,SCHEDULED
SHP-00002040,PRD-00191,WH-WEST,2026-07-15,7,5,INBOUND,COMPLETED
SHP-00002041,PRD-00063,WH-WEST,2026-09-09,25,,OUTBOUND,SCHEDULED
SHP-00002042,PRD-00021,WH-CENTRAL,2026-06-30,43,40,INBOUND,COMPLETED
SHP-00002043,PRD-00078,WH-CENTRAL,2026-10-09,40,,OUTBOUND,SCHEDULED
SHP-00002044,PRD-00118,WH-WEST,2026-09-30,29,,INBOUND,SCHEDULED
SHP-00002045,PRD-00030,WH-EAST,2026-10-04,34,,OUTBOUND,SCHEDULED
SHP-00002046,PRD-00056,WH-EAST,2026-09-30,12,,OUTBOUND,SCHEDULED
SHP-00002047,PRD-00188,WH-WEST,2026-05-08,19,21,OUTBOUND,COMPLETED
SHP-00002048,PRD-00031,WH-EAST,2026-06-06,34,33,INBOUND,COMPLETED
SHP-00002049,PRD-00126,WH-EAST,2026-04-12,4,1,INBOUND,COMPLETED
SHP-00002050,PRD-00008,WH-CENTRAL,2026-08-01,23,24,INBOUND,COMPLETED
SHP-00002051,PRD-00031,WH-WEST,2026-10-07,28,,OUTBOUND,SCHEDULED
SHP-00002052,PRD-00149,WH-CENTRAL,2026-06-13,41,40,OUTBOUND,COMPLETED
SHP-00002053,PRD-00147,WH-CENTRAL,2026-06-29,8,8,OUTBOUND,COMPLETED
SHP-00002054,PRD-00028,WH-WEST,2026-07-18,20,22,INBOUND,COMPLETED
SHP-00002055,PRD-00003,WH-CENTRAL,2026-05-10,5,3,OUTBOUND,COMPLETED
SHP-00002056,PRD-00097,WH-EAST,2026-08-17,41,,OUTBOUND,SCHEDULED
SHP-00002057,PRD-00103,WH-WEST,2026-04-16,48,48,INBOUND,COMPLETED
SHP-00002058,PRD-00079,WH-WEST,2026-10-26,48,,OUTBOUND,SCHEDULED
SHP-00002059,PRD-00021,WH-WEST,2026-10-21,24,,INBOUND,SCHEDULED
SHP-00002060,PRD-00086,WH-CENTRAL,2026-10-25,6,,OUTBOUND,SCHEDULED
SHP-00002061,PRD-00190,WH-EAST,2026-06-30,4,3,OUTBOUND,COMPLETED
SHP-00002062,PRD-00139,WH-WEST,2026-09-24,44,,INBOUND,SCHEDULED
SHP-00002063,PRD-00064,WH-CENTRAL,2026-04-26,48,48,INBOUND,COMPLETED
SHP-00002064,PRD-00116,WH-CENTRAL,2026-10-10,45,,OUTBOUND,SCHEDULED
SHP-00002065,PRD-00045,WH-CENTRAL,2026-05-22,8,10,INBOUND,COMPLETED
SHP-00002066,PRD-00151,WH-CENTRAL,2026-06-10,33,33,OUTBOUND,COMPLETED
SHP-00002067,PRD-00108,WH-CENTRAL,2026-07-21,51,52,INBOUND,COMPLETED
SHP-00002068,PRD-00093,WH-EAST,2026-05-02,26,27,OUTBOUND,COMPLETED
SHP-00002069,PRD-00189,WH-EAST,2026-08-22,42,,OUTBOUND,SCHEDULED
SHP-00002070,PRD-00082,WH-WEST,2026-10-01,16,,INBOUND,SCHEDULED
SHP-00002071,PRD-00149,WH-CENTRAL,2026-05-15,17,19,OUTBOUND,COMPLETED
SHP-00002072,PRD-00042,WH-CENTRAL,2026-04-04,14,11,OUTBOUND,COMPLETED
SHP-00002073,PRD-00121,WH-WEST,2026-05-27,11,13,OUTBOUND,COMPLETED
SHP-00002074,PRD-00098,WH-EAST,2026-09-06,25,,OUTBOUND,SCHEDULED
SHP-00002075,PRD-00051,WH-WEST,2026-05-24,48,48,INBOUND,COMPLETED
SHP-00002076,PRD-00068,WH-CENTRAL,2026-06-30,5,5,OUTBOUND,COMPLETED
SHP-00002077,PRD-00029,WH-CENTRAL,2026-05-03,23,23,OUTBOUND,COMPLETED
SHP-00002078,PRD-00030,WH-WEST,2026-08-16,28,,OUTBOUND,SCHEDULED
SHP-00002079,PRD-00055,WH-WEST,2026-04-13,32,32,INBOUND,COMPLETED
SHP-00002080,PRD-00172,WH-EAST,2026-06-01,13,14,INBOUND,COMPLETED
SHP-00002081,PRD-00058,WH-CENTRAL,2026-08-23,35,,OUTBOUND,SCHEDULED
SHP-00002082,PRD-00048,WH-EAST,2026-08-23,22,,OUTBOUND,SCHEDULED
SHP-00002083,PRD-00102,WH-WEST,2026-07-28,48,48,OUTBOUND,COMPLETED
SHP-00002084,PRD-00176,WH-WEST,2026-08-17,25,,OUTBOUND,SCHEDULED
SHP-00002085,PRD-00010,WH-EAST,2026-07-06,30,30,OUTBOUND,COMPLETED
SHP-00002086,PRD-00158,WH-WEST,2026-06-16,20,20,INBOUND,COMPLETED
SHP-00002087,PRD-00088,WH-EAST,2026-04-12,39,39,INBOUND,COMPLETED
SHP-00002088,PRD-00054,WH-WEST,2026-05-12,21,21,INBOUND,COMPLETED
SHP-00002089,PRD-00167,WH-CENTRAL,2026-04-26,36,36,OUTBOUND,COMPLETED
SHP-00002090,PRD-00108,WH-EAST,2026-10-01,23,,OUTBOUND,SCHEDULED
SHP-00002091,PRD-00169,WH-CENTRAL,2026-08-20,14,,INBOUND,SCHEDULED
SHP-00002092,PRD-00071,WH-EAST,2026-09-28,31,,INBOUND,SCHEDULED
SHP-00002093,PRD-00075,WH-EAST,2026-05-24,41,41,OUTBOUND,COMPLETED
SHP-00002094,PRD-00001,WH-CENTRAL,2026-09-05,23,,OUTBOUND,SCHEDULED
SHP-00002095,PRD-00103,WH-CENTRAL,2026-09-10,9,,OUTBOUND,SCHEDULED
SHP-00002096,PRD-00141,WH-WEST,2026-05-17,25,25,OUTBOUND,COMPLETED
SHP-00002097,PRD-00077,WH-EAST,2026-04-15,17,17,INBOUND,COMPLETED
SHP-00002098,PRD-00104,WH-WEST,2026-07-05,7,,INBOUND,CANCELLED
SHP-00002099,PRD-00112,WH-WEST,2026-06-07,41,42,OUTBOUND,COMPLETED
SHP-00002100,PRD-00059,WH-EAST,2026-09-05,26,,INBOUND,SCHEDULED
SHP-00002101,PRD-00105,WH-WEST,2026-04-20,9,10,OUTBOUND,COMPLETED
SHP-00002102,PRD-00150,WH-CENTRAL,2026-04-07,46,44,OUTBOUND,COMPLETED
SHP-00002103,PRD-00023,WH-CENTRAL,2026-09-10,12,,INBOUND,SCHEDULED
SHP-00002104,PRD-00188,WH-WEST,2026-06-07,48,45,OUTBOUND,COMPLETED
SHP-00002105,PRD-00135,WH-CENTRAL,2026-10-29,16,,OUTBOUND,SCHEDULED
SHP-00002106,PRD-00039,WH-EAST,2026-08-01,16,16,OUTBOUND,COMPLETED
SHP-00002107,PRD-00079,WH-CENTRAL,2026-06-05,11,11,OUTBOUND,COMPLETED
SHP-00002108,PRD-00146,WH-EAST,2026-07-28,43,40,INBOUND,COMPLETED
SHP-00002109,PRD-00075,WH-WEST,2026-09-18,36,,OUTBOUND,SCHEDULED
SHP-00002110,PRD-00074,WH-EAST,2026-05-25,11,10,OUTBOUND,COMPLETED
SHP-00002111,PRD-00196,WH-WEST,2026-06-14,6,6,OUTBOUND,COMPLETED
SHP-00002112,PRD-00010,WH-EAST,2026-09-10,15,,INBOUND,SCHEDULED
SHP-00002113,PRD-00198,WH-CENTRAL,2026-08-09,24,,INBOUND,SCHEDULED
SHP-00002114,PRD-00177,WH-CENTRAL,2026-10-07,11,,OUTBOUND,DELAYED
SHP-00002115,PRD-00027,WH-WEST,2026-07-09,18,18,INBOUND,COMPLETED
SHP-00002116,PRD-00143,WH-CENTRAL,2026-10-30,37,,OUTBOUND,SCHEDULED
SHP-00002117,PRD-00059,WH-WEST,2026-04-25,42,44,INBOUND,COMPLETED
SHP-00002118,PRD-00130,WH-WEST,2026-08-22,39,,INBOUND,SCHEDULED
SHP-00002119,PRD-00177,WH-WEST,2026-04-12,22,22,INBOUND,COMPLETED
SHP-00002120,PRD-00183,WH-WEST,2026-07-16,13,15,OUTBOUND,COMPLETED
SHP-00002121,PRD-00074,WH-CENTRAL,2026-07-20,44,44,INBOUND,COMPLETED
SHP-00002122,PRD-00103,WH-EAST,2026-08-17,18,,INBOUND,SCHEDULED
SHP-00002123,PRD-00019,WH-EAST,2026-04-07,42,42,INBOUND,COMPLETED
SHP-00002124,PRD-00137,WH-CENTRAL,2026-07-22,18,18,OUTBOUND,COMPLETED
SHP-00002125,PRD-00188,WH-EAST,2026-04-14,26,24,OUTBOUND,COMPLETED
SHP-00002126,PRD-00122,WH-WEST,2026-06-30,35,32,OUTBOUND,COMPLETED
SHP-00002127,PRD-00042,WH-EAST,2026-08-30,32,,OUTBOUND,DELAYED
SHP-00002128,PRD-00139,WH-WEST,2026-10-08,48,,OUTBOUND,SCHEDULED
SHP-00002129,PRD-00138,WH-WEST,2026-08-24,13,,OUTBOUND,SCHEDULED
SHP-00002130,PRD-00124,WH-WEST,2026-10-14,27,,INBOUND,SCHEDULED
SHP-00002131,PRD-00185,WH-CENTRAL,2026-07-26,11,11,INBOUND,COMPLETED
SHP-00002132,PRD-00150,WH-EAST,2026-10-14,35,,OUTBOUND,SCHEDULED
SHP-00002133,PRD-00007,WH-CENTRAL,2026-05-08,47,45,INBOUND,COMPLETED
SHP-00002134,PRD-00059,WH-CENTRAL,2026-09-16,36,,INBOUND,SCHEDULED
SHP-00002135,PRD-00184,WH-CENTRAL,2026-05-05,8,8,OUTBOUND,COMPLETED
SHP-00002136,PRD-00115,WH-EAST,2026-10-18,43,,OUTBOUND,SCHEDULED
SHP-00002137,PRD-00133,WH-WEST,2026-05-29,7,8,INBOUND,COMPLETED
SHP-00002138,PRD-00164,WH-EAST,2026-09-01,8,,OUTBOUND,SCHEDULED
SHP-00002139,PRD-00143,WH-CENTRAL,2026-09-02,17,,INBOUND,SCHEDULED
SHP-00002140,PRD-00047,WH-CENTRAL,2026-10-19,7,,INBOUND,SCHEDULED
SHP-00002141,PRD-00162,WH-CENTRAL,2026-05-18,16,14,OUTBOUND,COMPLETED
SHP-00002142,PRD-00017,WH-CENTRAL,2026-05-06,27,27,INBOUND,COMPLETED
SHP-00002143,PRD-00024,WH-EAST,2026-09-02,29,,OUTBOUND,SCHEDULED
SHP-00002144,PRD-00015,WH-CENTRAL,2026-07-04,3,1,OUTBOUND,COMPLETED
SHP-00002145,PRD-00113,WH-EAST,2026-04-15,43,40,OUTBOUND,COMPLETED
SHP-00002146,PRD-00031,WH-CENTRAL,2026-04-03,23,24,INBOUND,COMPLETED
SHP-00002147,PRD-00048,WH-EAST,2026-10-06,19,,INBOUND,SCHEDULED
SHP-00002148,PRD-00187,WH-WEST,2026-08-23,17,,INBOUND,SCHEDULED
SHP-00002149,PRD-00165,WH-CENTRAL,2026-05-26,40,40,INBOUND,COMPLETED
SHP-00002150,PRD-00164,WH-CENTRAL,2026-05-21,31,33,INBOUND,COMPLETED
SHP-00002151,PRD-00171,WH-EAST,2026-10-04,20,,INBOUND,SCHEDULED
SHP-00002152,PRD-00116,WH-EAST,2026-10-04,28,,OUTBOUND,SCHEDULED
SHP-00002153,PRD-00094,WH-WEST,2026-06-24,7,7,INBOUND,COMPLETED
SHP-00002154,PRD-00071,WH-EAST,2026-10-28,51,,INBOUND,SCHEDULED
SHP-00002155,PRD-00130,WH-EAST,2026-09-27,24,,INBOUND,SCHEDULED
SHP-00002156,PRD-00098,WH-EAST,2026-06-26,4,2,INBOUND,COMPLETED
SHP-00002157,PRD-00160,WH-CENTRAL,2026-08-10,18,,INBOUND,SCHEDULED
SHP-00002158,PRD-00198,WH-EAST,2026-08-06,28,,OUTBOUND,DELAYED
SHP-00002159,PRD-00115,WH-WEST,2026-08-24,22,,INBOUND,SCHEDULED
SHP-00002160,PRD-00060,WH-CENTRAL,2026-07-27,22,21,INBOUND,COMPLETED
SHP-00002161,PRD-00093,WH-CENTRAL,2026-07-11,23,,OUTBOUND,CANCELLED
SHP-00002162,PRD-00082,WH-WEST,2026-09-09,42,,OUTBOUND,SCHEDULED
SHP-00002163,PRD-00159,WH-EAST,2026-08-16,6,,OUTBOUND,SCHEDULED
SHP-00002164,PRD-00155,WH-WEST,2026-04-09,48,48,INBOUND,COMPLETED
SHP-00002165,PRD-00093,WH-CENTRAL,2026-05-09,43,43,OUTBOUND,COMPLETED
SHP-00002166,PRD-00097,WH-CENTRAL,2026-04-14,9,10,OUTBOUND,COMPLETED
SHP-00002167,PRD-00165,WH-CENTRAL,2026-04-06,39,41,OUTBOUND,COMPLETED
SHP-00002168,PRD-00133,WH-CENTRAL,2026-09-30,14,,INBOUND,SCHEDULED
SHP-00002169,PRD-00015,WH-EAST,2026-05-17,40,40,INBOUND,COMPLETED
SHP-00002170,PRD-00136,WH-CENTRAL,2026-05-21,25,25,INBOUND,COMPLETED
SHP-00002171,PRD-00135,WH-WEST,2026-09-23,5,,OUTBOUND,DELAYED
SHP-00002172,PRD-00090,WH-WEST,2026-08-19,13,,INBOUND,SCHEDULED
SHP-00002173,PRD-00019,WH-WEST,2026-07-03,48,49,OUTBOUND,COMPLETED
SHP-00002174,PRD-00143,WH-WEST,2026-07-14,13,,OUTBOUND,CANCELLED
SHP-00002175,PRD-00007,WH-CENTRAL,2026-09-20,33,,OUTBOUND,DELAYED
SHP-00002176,PRD-00059,WH-WEST,2026-09-10,38,,INBOUND,SCHEDULED
SHP-00002177,PRD-00147,WH-WEST,2026-06-15,37,38,INBOUND,COMPLETED
SHP-00002178,PRD-00133,WH-CENTRAL,2026-05-29,18,18,INBOUND,COMPLETED
SHP-00002179,PRD-00002,WH-WEST,2026-07-07,28,30,OUTBOUND,COMPLETED
SHP-00002180,PRD-00115,WH-WEST,2026-06-10,21,23,OUTBOUND,COMPLETED
SHP-00002181,PRD-00043,WH-WEST,2026-09-27,39,,INBOUND,DELAYED
SHP-00002182,PRD-00144,WH-EAST,2026-07-27,19,17,INBOUND,COMPLETED
SHP-00002183,PRD-00105,WH-CENTRAL,2026-06-10,26,26,INBOUND,COMPLETED
SHP-00002184,PRD-00075,WH-CENTRAL,2026-08-05,7,,OUTBOUND,SCHEDULED
SHP-00002185,PRD-00161,WH-WEST,2026-05-31,43,43,INBOUND,COMPLETED
SHP-00002186,PRD-00070,WH-EAST,2026-10-12,5,,INBOUND,SCHEDULED
SHP-00002187,PRD-00144,WH-WEST,2026-06-15,38,39,OUTBOUND,COMPLETED
SHP-00002188,PRD-00149,WH-EAST,2026-04-22,20,21,OUTBOUND,COMPLETED
SHP-00002189,PRD-00140,WH-CENTRAL,2026-05-12,37,36,INBOUND,COMPLETED
SHP-00002190,PRD-00147,WH-CENTRAL,2026-10-22,28,,INBOUND,SCHEDULED
SHP-00002191,PRD-00058,WH-WEST,2026-09-30,22,,OUTBOUND,CANCELLED
SHP-00002192,PRD-00100,WH-EAST,2026-04-26,36,36,INBOUND,COMPLETED
SHP-00002193,PRD-00145,WH-CENTRAL,2026-10-19,25,,OUTBOUND,SCHEDULED
SHP-00002194,PRD-00132,WH-WEST,2026-10-02,8,,OUTBOUND,SCHEDULED
SHP-00002195,PRD-00167,WH-CENTRAL,2026-08-25,15,,INBOUND,SCHEDULED
SHP-00002196,PRD-00200,WH-CENTRAL,2026-05-26,24,24,OUTBOUND,COMPLETED
SHP-00002197,PRD-00027,WH-EAST,2026-07-24,18,,OUTBOUND,CANCELLED
SHP-00002198,PRD-00171,WH-CENTRAL,2026-04-11,34,34,OUTBOUND,COMPLETED
SHP-00002199,PRD-00143,WH-EAST,2026-09-21,6,,OUTBOUND,SCHEDULED
SHP-00002200,PRD-00003,WH-WEST,2026-07-11,39,,INBOUND,CANCELLED
SHP-00002201,PRD-00073,WH-WEST,2026-05-22,17,16,OUTBOUND,COMPLETED
SHP-00002202,PRD-00064,WH-EAST,2026-10-29,52,,INBOUND,SCHEDULED
SHP-00002203,PRD-00186,WH-EAST,2026-09-28,9,,OUTBOUND,SCHEDULED
SHP-00002204,PRD-00021,WH-WEST,2026-09-14,5,,OUTBOUND,SCHEDULED
SHP-00002205,PRD-00050,WH-WEST,2026-09-06,12,,OUTBOUND,SCHEDULED
SHP-00002206,PRD-00038,WH-WEST,2026-08-01,14,16,OUTBOUND,COMPLETED
SHP-00002207,PRD-00079,WH-WEST,2026-09-09,21,,INBOUND,DELAYED
SHP-00002208,PRD-00099,WH-EAST,2026-09-26,44,,OUTBOUND,SCHEDULED
SHP-00002209,PRD-00144,WH-WEST,2026-08-22,42,,INBOUND,SCHEDULED
SHP-00002210,PRD-00082,WH-WEST,2026-08-27,31,,OUTBOUND,SCHEDULED
SHP-00002211,PRD-00010,WH-EAST,2026-10-02,33,,INBOUND,SCHEDULED
SHP-00002212,PRD-00045,WH-CENTRAL,2026-05-05,11,11,OUTBOUND,COMPLETED
SHP-00002213,PRD-00147,WH-WEST,2026-08-10,34,,INBOUND,SCHEDULED
SHP-00002214,PRD-00133,WH-WEST,2026-07-07,46,44,INBOUND,COMPLETED
SHP-00002215,PRD-00143,WH-WEST,2026-07-07,12,12,INBOUND,COMPLETED
SHP-00002216,PRD-00178,WH-EAST,2026-08-11,18,,OUTBOUND,SCHEDULED
SHP-00002217,PRD-00189,WH-EAST,2026-06-03,5,5,OUTBOUND,COMPLETED
SHP-00002218,PRD-00041,WH-EAST,2026-06-19,24,26,OUTBOUND,COMPLETED
SHP-00002219,PRD-00081,WH-CENTRAL,2026-05-19,34,36,OUTBOUND,COMPLETED
SHP-00002220,PRD-00142,WH-EAST,2026-07-12,34,34,INBOUND,COMPLETED
SHP-00002221,PRD-00150,WH-WEST,2026-10-19,33,,OUTBOUND,SCHEDULED
SHP-00002222,PRD-00019,WH-CENTRAL,2026-10-29,18,,OUTBOUND,SCHEDULED
SHP-00002223,PRD-00144,WH-WEST,2026-05-09,16,17,INBOUND,COMPLETED
SHP-00002224,PRD-00124,WH-CENTRAL,2026-06-27,13,14,OUTBOUND,COMPLETED
SHP-00002225,PRD-00049,WH-CENTRAL,2026-08-10,10,,INBOUND,SCHEDULED
SHP-00002226,PRD-00036,WH-EAST,2026-07-18,45,45,OUTBOUND,COMPLETED
SHP-00002227,PRD-00044,WH-WEST,2026-08-13,17,,INBOUND,SCHEDULED
SHP-00002228,PRD-00076,WH-EAST,2026-07-08,15,13,INBOUND,COMPLETED
SHP-00002229,PRD-00029,WH-WEST,2026-05-01,23,20,INBOUND,COMPLETED
SHP-00002230,PRD-00172,WH-WEST,2026-08-03,3,,OUTBOUND,SCHEDULED
SHP-00002231,PRD-00106,WH-CENTRAL,2026-08-14,43,,INBOUND,CANCELLED
SHP-00002232,PRD-00137,WH-CENTRAL,2026-08-13,6,,INBOUND,SCHEDULED
SHP-00002233,PRD-00086,WH-CENTRAL,2026-07-07,18,17,OUTBOUND,COMPLETED
SHP-00002234,PRD-00026,WH-CENTRAL,2026-08-10,3,,OUTBOUND,SCHEDULED
SHP-00002235,PRD-00040,WH-WEST,2026-10-27,13,,OUTBOUND,SCHEDULED
SHP-00002236,PRD-00160,WH-WEST,2026-08-19,31,,OUTBOUND,CANCELLED
SHP-00002237,PRD-00150,WH-EAST,2026-07-03,37,35,INBOUND,COMPLETED
SHP-00002238,PRD-00087,WH-WEST,2026-10-13,40,,OUTBOUND,SCHEDULED
SHP-00002239,PRD-00147,WH-CENTRAL,2026-06-10,31,31,OUTBOUND,COMPLETED
SHP-00002240,PRD-00062,WH-CENTRAL,2026-09-01,33,,INBOUND,SCHEDULED
SHP-00002241,PRD-00059,WH-WEST,2026-09-06,10,,OUTBOUND,SCHEDULED
SHP-00002242,PRD-00184,WH-WEST,2026-06-26,35,37,OUTBOUND,COMPLETED
SHP-00002243,PRD-00024,WH-EAST,2026-07-31,17,18,OUTBOUND,COMPLETED
SHP-00002244,PRD-00034,WH-EAST,2026-07-25,23,24,OUTBOUND,COMPLETED
SHP-00002245,PRD-00146,WH-CENTRAL,2026-05-26,32,31,OUTBOUND,COMPLETED
SHP-00002246,PRD-00045,WH-WEST,2026-05-07,42,39,OUTBOUND,COMPLETED
SHP-00002247,PRD-00020,WH-WEST,2026-04-04,4,4,OUTBOUND,COMPLETED
SHP-00002248,PRD-00063,WH-EAST,2026-10-02,19,,INBOUND,SCHEDULED
SHP-00002249,PRD-00081,WH-WEST,2026-04-08,11,12,INBOUND,COMPLETED
SHP-00002250,PRD-00145,WH-EAST,2026-07-24,22,19,INBOUND,COMPLETED
SHP-00002251,PRD-00048,WH-EAST,2026-09-06,32,,INBOUND,SCHEDULED
SHP-00002252,PRD-00059,WH-EAST,2026-04-26,15,15,OUTBOUND,COMPLETED
SHP-00002253,PRD-00069,WH-EAST,2026-06-19,9,6,INBOUND,COMPLETED
SHP-00002254,PRD-00009,WH-WEST,2026-09-09,41,,OUTBOUND,SCHEDULED
SHP-00002255,PRD-00073,WH-EAST,2026-08-16,17,,INBOUND,DELAYED
SHP-00002256,PRD-00117,WH-WEST,2026-07-26,49,50,INBOUND,COMPLETED
SHP-00002257,PRD-00062,WH-CENTRAL,2026-05-12,18,16,OUTBOUND,COMPLETED
SHP-00002258,PRD-00110,WH-WEST,2026-06-09,20,22,INBOUND,COMPLETED
SHP-00002259,PRD-00113,WH-EAST,2026-10-23,32,,OUTBOUND,SCHEDULED
SHP-00002260,PRD-00102,WH-EAST,2026-05-11,12,12,OUTBOUND,COMPLETED
SHP-00002261,PRD-00161,WH-EAST,2026-08-06,31,,OUTBOUND,SCHEDULED
SHP-00002262,PRD-00177,WH-CENTRAL,2026-09-25,55,,INBOUND,SCHEDULED
SHP-00002263,PRD-00195,WH-EAST,2026-10-17,10,,INBOUND,SCHEDULED
SHP-00002264,PRD-00162,WH-EAST,2026-06-18,7,7,OUTBOUND,COMPLETED
SHP-00002265,PRD-00197,WH-EAST,2026-09-25,43,,OUTBOUND,SCHEDULED
SHP-00002266,PRD-00017,WH-WEST,2026-09-13,30,,OUTBOUND,SCHEDULED
SHP-00002267,PRD-00181,WH-WEST,2026-08-18,35,,INBOUND,SCHEDULED
SHP-00002268,PRD-00079,WH-CENTRAL,2026-04-27,36,35,OUTBOUND,COMPLETED
SHP-00002269,PRD-00108,WH-CENTRAL,2026-07-16,33,35,OUTBOUND,COMPLETED
SHP-00002270,PRD-00047,WH-EAST,2026-10-16,45,,OUTBOUND,SCHEDULED
SHP-00002271,PRD-00178,WH-WEST,2026-07-08,38,35,INBOUND,COMPLETED
SHP-00002272,PRD-00196,WH-WEST,2026-08-27,40,,OUTBOUND,SCHEDULED
SHP-00002273,PRD-00050,WH-EAST,2026-06-07,45,45,OUTBOUND,COMPLETED
SHP-00002274,PRD-00013,WH-CENTRAL,2026-07-19,29,30,OUTBOUND,COMPLETED
SHP-00002275,PRD-00140,WH-WEST,2026-09-06,55,,INBOUND,SCHEDULED
SHP-00002276,PRD-00167,WH-WEST,2026-07-01,9,8,OUTBOUND,COMPLETED
SHP-00002277,PRD-00176,WH-EAST,2026-07-30,46,46,OUTBOUND,COMPLETED
SHP-00002278,PRD-00099,WH-CENTRAL,2026-07-23,45,44,OUTBOUND,COMPLETED
SHP-00002279,PRD-00077,WH-WEST,2026-09-19,12,,OUTBOUND,SCHEDULED
SHP-00002280,PRD-00128,WH-WEST,2026-07-19,12,13,INBOUND,COMPLETED
SHP-00002281,PRD-00198,WH-WEST,2026-10-15,22,,OUTBOUND,SCHEDULED
SHP-00002282,PRD-00046,WH-EAST,2026-07-11,19,16,OUTBOUND,COMPLETED
SHP-00002283,PRD-00061,WH-CENTRAL,2026-07-18,29,29,OUTBOUND,COMPLETED
SHP-00002284,PRD-00150,WH-WEST,2026-09-02,19,,INBOUND,SCHEDULED
SHP-00002285,PRD-00073,WH-EAST,2026-07-26,31,33,INBOUND,COMPLETED
SHP-00002286,PRD-00129,WH-EAST,2026-07-31,54,55,INBOUND,COMPLETED
SHP-00002287,PRD-00198,WH-WEST,2026-09-15,52,,INBOUND,SCHEDULED
SHP-00002288,PRD-00032,WH-CENTRAL,2026-04-04,13,13,OUTBOUND,COMPLETED
SHP-00002289,PRD-00006,WH-CENTRAL,2026-06-29,36,33,OUTBOUND,COMPLETED
SHP-00002290,PRD-00035,WH-WEST,2026-07-16,27,25,OUTBOUND,COMPLETED
SHP-00002291,PRD-00146,WH-CENTRAL,2026-04-25,43,45,INBOUND,COMPLETED
SHP-00002292,PRD-00156,WH-EAST,2026-08-11,18,,OUTBOUND,SCHEDULED
SHP-00002293,PRD-00100,WH-EAST,2026-04-30,47,47,INBOUND,COMPLETED
SHP-00002294,PRD-00139,WH-EAST,2026-06-18,5,7,OUTBOUND,COMPLETED
SHP-00002295,PRD-00137,WH-EAST,2026-09-22,8,,INBOUND,CANCELLED
SHP-00002296,PRD-00182,WH-EAST,2026-08-22,36,,OUTBOUND,DELAYED
SHP-00002297,PRD-00141,WH-EAST,2026-07-31,38,37,INBOUND,COMPLETED
SHP-00002298,PRD-00120,WH-EAST,2026-05-01,23,23,OUTBOUND,COMPLETED
SHP-00002299,PRD-00011,WH-CENTRAL,2026-04-04,30,31,INBOUND,COMPLETED
SHP-00002300,PRD-00152,WH-WEST,2026-05-14,27,24,INBOUND,COMPLETED
SHP-00002301,PRD-00117,WH-EAST,2026-06-20,47,45,INBOUND,COMPLETED
SHP-00002302,PRD-00172,WH-CENTRAL,2026-09-30,6,,OUTBOUND,SCHEDULED
SHP-00002303,PRD-00028,WH-CENTRAL,2026-06-06,45,43,OUTBOUND,COMPLETED
SHP-00002304,PRD-00015,WH-WEST,2026-05-31,34,36,OUTBOUND,COMPLETED
SHP-00002305,PRD-00064,WH-WEST,2026-05-29,43,42,INBOUND,COMPLETED
SHP-00002306,PRD-00134,WH-WEST,2026-10-25,26,,OUTBOUND,SCHEDULED
SHP-00002307,PRD-00022,WH-EAST,2026-08-10,23,,OUTBOUND,SCHEDULED
SHP-00002308,PRD-00050,WH-EAST,2026-07-07,14,14,OUTBOUND,COMPLETED
SHP-00002309,PRD-00189,WH-CENTRAL,2026-10-04,24,,INBOUND,CANCELLED
SHP-00002310,PRD-00179,WH-WEST,2026-07-10,36,37,INBOUND,COMPLETED
SHP-00002311,PRD-00007,WH-CENTRAL,2026-10-10,42,,OUTBOUND,SCHEDULED
SHP-00002312,PRD-00198,WH-WEST,2026-10-10,16,,INBOUND,SCHEDULED
SHP-00002313,PRD-00160,WH-CENTRAL,2026-10-05,8,,OUTBOUND,SCHEDULED
SHP-00002314,PRD-00071,WH-EAST,2026-08-11,49,,INBOUND,SCHEDULED
SHP-00002315,PRD-00154,WH-EAST,2026-09-16,37,,OUTBOUND,SCHEDULED
SHP-00002316,PRD-00075,WH-EAST,2026-09-15,34,,INBOUND,SCHEDULED
SHP-00002317,PRD-00062,WH-CENTRAL,2026-04-10,7,,OUTBOUND,CANCELLED
SHP-00002318,PRD-00022,WH-WEST,2026-10-09,43,,INBOUND,SCHEDULED
SHP-00002319,PRD-00098,WH-WEST,2026-09-12,18,,OUTBOUND,SCHEDULED
SHP-00002320,PRD-00024,WH-WEST,2026-05-26,4,5,OUTBOUND,COMPLETED
SHP-00002321,PRD-00034,WH-EAST,2026-08-05,32,,INBOUND,SCHEDULED
SHP-00002322,PRD-00138,WH-EAST,2026-04-09,27,24,INBOUND,COMPLETED
SHP-00002323,PRD-00152,WH-EAST,2026-06-14,36,36,INBOUND,COMPLETED
SHP-00002324,PRD-00115,WH-CENTRAL,2026-09-05,12,,OUTBOUND,SCHEDULED
SHP-00002325,PRD-00067,WH-CENTRAL,2026-05-31,50,50,INBOUND,COMPLETED
SHP-00002326,PRD-00149,WH-EAST,2026-08-05,38,,INBOUND,SCHEDULED
SHP-00002327,PRD-00185,WH-WEST,2026-09-04,19,,INBOUND,SCHEDULED
SHP-00002328,PRD-00133,WH-EAST,2026-07-06,15,14,INBOUND,COMPLETED
SHP-00002329,PRD-00007,WH-EAST,2026-10-01,15,,OUTBOUND,SCHEDULED
SHP-00002330,PRD-00049,WH-CENTRAL,2026-10-25,7,,OUTBOUND,SCHEDULED
SHP-00002331,PRD-00052,WH-WEST,2026-10-17,39,,OUTBOUND,SCHEDULED
SHP-00002332,PRD-00134,WH-EAST,2026-08-19,26,,INBOUND,SCHEDULED
SHP-00002333,PRD-00181,WH-WEST,2026-08-17,39,,OUTBOUND,SCHEDULED
SHP-00002334,PRD-00078,WH-EAST,2026-05-22,15,17,OUTBOUND,COMPLETED
SHP-00002335,PRD-00110,WH-EAST,2026-04-21,20,19,OUTBOUND,COMPLETED
SHP-00002336,PRD-00097,WH-CENTRAL,2026-07-05,28,28,OUTBOUND,COMPLETED
SHP-00002337,PRD-00028,WH-EAST,2026-04-03,25,25,INBOUND,COMPLETED
SHP-00002338,PRD-00148,WH-WEST,2026-04-06,48,45,OUTBOUND,COMPLETED
SHP-00002339,PRD-00090,WH-CENTRAL,2026-09-25,34,,INBOUND,SCHEDULED
SHP-00002340,PRD-00019,WH-WEST,2026-06-19,18,17,INBOUND,COMPLETED
SHP-00002341,PRD-00199,WH-EAST,2026-09-13,7,,INBOUND,SCHEDULED
SHP-00002342,PRD-00088,WH-CENTRAL,2026-04-25,46,45,INBOUND,COMPLETED
SHP-00002343,PRD-00096,WH-WEST,2026-06-07,17,18,INBOUND,COMPLETED
SHP-00002344,PRD-00030,WH-WEST,2026-05-16,7,6,INBOUND,COMPLETED
SHP-00002345,PRD-00188,WH-CENTRAL,2026-10-09,45,,OUTBOUND,SCHEDULED
SHP-00002346,PRD-00131,WH-EAST,2026-09-24,43,,OUTBOUND,CANCELLED
SHP-00002347,PRD-00112,WH-EAST,2026-10-24,30,,INBOUND,SCHEDULED
SHP-00002348,PRD-00192,WH-EAST,2026-07-02,28,26,OUTBOUND,COMPLETED
SHP-00002349,PRD-00066,WH-CENTRAL,2026-07-11,31,30,INBOUND,COMPLETED
SHP-00002350,PRD-00195,WH-EAST,2026-06-03,44,43,OUTBOUND,COMPLETED
SHP-00002351,PRD-00115,WH-CENTRAL,2026-06-04,21,22,OUTBOUND,COMPLETED
SHP-00002352,PRD-00103,WH-EAST,2026-05-11,27,27,OUTBOUND,COMPLETED
SHP-00002353,PRD-00100,WH-CENTRAL,2026-07-22,29,29,OUTBOUND,COMPLETED
SHP-00002354,PRD-00105,WH-WEST,2026-05-18,42,39,INBOUND,COMPLETED
SHP-00002355,PRD-00198,WH-WEST,2026-10-01,41,,OUTBOUND,SCHEDULED
SHP-00002356,PRD-00052,WH-EAST,2026-09-12,21,,INBOUND,SCHEDULED
SHP-00002357,PRD-00116,WH-CENTRAL,2026-05-09,27,24,INBOUND,COMPLETED
SHP-00002358,PRD-00134,WH-WEST,2026-06-01,22,23,INBOUND,COMPLETED
SHP-00002359,PRD-00034,WH-WEST,2026-09-11,30,,OUTBOUND,SCHEDULED
SHP-00002360,PRD-00166,WH-CENTRAL,2026-10-13,6,,INBOUND,DELAYED
SHP-00002361,PRD-00127,WH-EAST,2026-08-05,37,,INBOUND,SCHEDULED
SHP-00002362,PRD-00005,WH-WEST,2026-08-17,52,,INBOUND,SCHEDULED
SHP-00002363,PRD-00178,WH-EAST,2026-07-28,34,31,OUTBOUND,COMPLETED
SHP-00002364,PRD-00134,WH-CENTRAL,2026-06-11,55,52,INBOUND,COMPLETED
SHP-00002365,PRD-00173,WH-EAST,2026-10-03,48,,INBOUND,SCHEDULED
SHP-00002366,PRD-00167,WH-EAST,2026-06-06,33,30,OUTBOUND,COMPLETED
SHP-00002367,PRD-00161,WH-CENTRAL,2026-08-10,53,,INBOUND,SCHEDULED
SHP-00002368,PRD-00106,WH-CENTRAL,2026-10-26,20,,OUTBOUND,SCHEDULED
SHP-00002369,PRD-00049,WH-WEST,2026-09-22,53,,INBOUND,SCHEDULED
SHP-00002370,PRD-00179,WH-CENTRAL,2026-05-09,44,44,INBOUND,COMPLETED
SHP-00002371,PRD-00178,WH-CENTRAL,2026-07-11,40,38,INBOUND,COMPLETED
SHP-00002372,PRD-00152,WH-EAST,2026-07-30,21,21,OUTBOUND,COMPLETED
SHP-00002373,PRD-00058,WH-EAST,2026-05-19,22,22,INBOUND,COMPLETED
SHP-00002374,PRD-00133,WH-CENTRAL,2026-06-25,22,23,OUTBOUND,COMPLETED
SHP-00002375,PRD-00060,WH-WEST,2026-10-19,23,,OUTBOUND,SCHEDULED
SHP-00002376,PRD-00063,WH-EAST,2026-06-10,17,19,OUTBOUND,COMPLETED
SHP-00002377,PRD-00071,WH-EAST,2026-05-05,5,4,INBOUND,COMPLETED
SHP-00002378,PRD-00168,WH-CENTRAL,2026-08-14,39,,INBOUND,SCHEDULED
SHP-00002379,PRD-00082,WH-EAST,2026-06-21,36,36,INBOUND,COMPLETED
SHP-00002380,PRD-00059,WH-CENTRAL,2026-08-14,17,,OUTBOUND,SCHEDULED
SHP-00002381,PRD-00114,WH-WEST,2026-09-29,28,,OUTBOUND,SCHEDULED
SHP-00002382,PRD-00035,WH-EAST,2026-08-09,29,,INBOUND,SCHEDULED
SHP-00002383,PRD-00099,WH-CENTRAL,2026-07-08,36,37,OUTBOUND,COMPLETED
SHP-00002384,PRD-00102,WH-WEST,2026-08-31,14,,INBOUND,SCHEDULED
SHP-00002385,PRD-00030,WH-WEST,2026-10-12,48,,OUTBOUND,SCHEDULED
SHP-00002386,PRD-00180,WH-WEST,2026-08-04,35,,OUTBOUND,SCHEDULED
SHP-00002387,PRD-00028,WH-CENTRAL,2026-07-27,9,9,OUTBOUND,COMPLETED
SHP-00002388,PRD-00037,WH-CENTRAL,2026-08-18,11,,OUTBOUND,SCHEDULED
SHP-00002389,PRD-00074,WH-WEST,2026-04-24,47,44,OUTBOUND,COMPLETED
SHP-00002390,PRD-00081,WH-WEST,2026-05-10,40,40,OUTBOUND,COMPLETED
SHP-00002391,PRD-00156,WH-CENTRAL,2026-05-23,44,43,OUTBOUND,COMPLETED
SHP-00002392,PRD-00137,WH-CENTRAL,2026-04-22,29,29,OUTBOUND,COMPLETED
SHP-00002393,PRD-00007,WH-WEST,2026-06-22,9,8,INBOUND,COMPLETED
SHP-00002394,PRD-00106,WH-CENTRAL,2026-07-24,28,29,OUTBOUND,COMPLETED
SHP-00002395,PRD-00072,WH-EAST,2026-08-05,51,,INBOUND,DELAYED
SHP-00002396,PRD-00067,WH-WEST,2026-04-22,48,48,INBOUND,COMPLETED
SHP-00002397,PRD-00134,WH-CENTRAL,2026-08-02,23,,OUTBOUND,SCHEDULED
SHP-00002398,PRD-00147,WH-WEST,2026-08-04,48,,INBOUND,SCHEDULED
SHP-00002399,PRD-00051,WH-WEST,2026-10-25,39,,OUTBOUND,SCHEDULED
SHP-00002400,PRD-00129,WH-EAST,2026-09-06,48,,OUTBOUND,SCHEDULED
SHP-00002401,PRD-00075,WH-EAST,2026-05-03,17,17,OUTBOUND,COMPLETED
SHP-00002402,PRD-00096,WH-EAST,2026-07-21,25,25,INBOUND,COMPLETED
SHP-00002403,PRD-00101,WH-EAST,2026-08-20,26,,OUTBOUND,SCHEDULED
SHP-00002404,PRD-00177,WH-WEST,2026-09-04,33,,OUTBOUND,SCHEDULED
SHP-00002405,PRD-00190,WH-WEST,2026-10-14,13,,INBOUND,DELAYED
SHP-00002406,PRD-00003,WH-EAST,2026-08-11,7,,OUTBOUND,SCHEDULED
SHP-00002407,PRD-00128,WH-WEST,2026-07-11,45,42,OUTBOUND,COMPLETED
SHP-00002408,PRD-00169,WH-EAST,2026-04-22,29,30,OUTBOUND,COMPLETED
SHP-00002409,PRD-00097,WH-WEST,2026-09-18,35,,INBOUND,SCHEDULED
SHP-00002410,PRD-00158,WH-WEST,2026-09-30,39,,INBOUND,SCHEDULED
SHP-00002411,PRD-00123,WH-CENTRAL,2026-08-07,47,,OUTBOUND,DELAYED
SHP-00002412,PRD-00162,WH-WEST,2026-10-16,46,,INBOUND,SCHEDULED
SHP-00002413,PRD-00004,WH-EAST,2026-06-17,25,22,INBOUND,COMPLETED
SHP-00002414,PRD-00144,WH-CENTRAL,2026-10-26,54,,INBOUND,CANCELLED
SHP-00002415,PRD-00135,WH-EAST,2026-09-17,37,,INBOUND,SCHEDULED
SHP-00002416,PRD-00026,WH-CENTRAL,2026-10-11,55,,INBOUND,SCHEDULED
SHP-00002417,PRD-00123,WH-EAST,2026-08-21,41,,OUTBOUND,SCHEDULED
SHP-00002418,PRD-00038,WH-CENTRAL,2026-05-31,51,52,INBOUND,COMPLETED
SHP-00002419,PRD-00083,WH-EAST,2026-08-23,18,,OUTBOUND,SCHEDULED
SHP-00002420,PRD-00056,WH-CENTRAL,2026-07-30,54,52,INBOUND,COMPLETED
SHP-00002421,PRD-00165,WH-WEST,2026-09-05,7,,INBOUND,SCHEDULED
SHP-00002422,PRD-00022,WH-WEST,2026-08-15,9,,INBOUND,SCHEDULED
SHP-00002423,PRD-00136,WH-CENTRAL,2026-09-10,16,,OUTBOUND,SCHEDULED
SHP-00002424,PRD-00069,WH-WEST,2026-06-15,32,34,INBOUND,COMPLETED
SHP-00002425,PRD-00158,WH-CENTRAL,2026-06-24,4,4,INBOUND,COMPLETED
SHP-00002426,PRD-00184,WH-WEST,2026-06-02,19,19,OUTBOUND,COMPLETED
SHP-00002427,PRD-00105,WH-WEST,2026-06-03,40,42,INBOUND,COMPLETED
SHP-00002428,PRD-00132,WH-WEST,2026-04-13,46,46,OUTBOUND,COMPLETED
SHP-00002429,PRD-00174,WH-WEST,2026-08-30,46,,OUTBOUND,SCHEDULED
SHP-00002430,PRD-00036,WH-WEST,2026-07-03,9,9,INBOUND,COMPLETED
SHP-00002431,PRD-00064,WH-CENTRAL,2026-05-14,19,18,INBOUND,COMPLETED
SHP-00002432,PRD-00163,WH-EAST,2026-05-03,39,37,INBOUND,COMPLETED
SHP-00002433,PRD-00158,WH-EAST,2026-04-27,55,55,INBOUND,COMPLETED
SHP-00002434,PRD-00101,WH-CENTRAL,2026-10-14,45,,INBOUND,SCHEDULED
SHP-00002435,PRD-00175,WH-EAST,2026-07-01,16,16,OUTBOUND,COMPLETED
SHP-00002436,PRD-00027,WH-CENTRAL,2026-05-21,28,30,INBOUND,COMPLETED
SHP-00002437,PRD-00088,WH-CENTRAL,2026-07-26,51,49,INBOUND,COMPLETED
SHP-00002438,PRD-00019,WH-WEST,2026-07-19,47,47,OUTBOUND,COMPLETED
SHP-00002439,PRD-00088,WH-EAST,2026-05-23,41,41,OUTBOUND,COMPLETED
SHP-00002440,PRD-00008,WH-CENTRAL,2026-09-13,42,,INBOUND,SCHEDULED
SHP-00002441,PRD-00109,WH-WEST,2026-10-17,31,,OUTBOUND,SCHEDULED
SHP-00002442,PRD-00089,WH-WEST,2026-08-11,31,,OUTBOUND,SCHEDULED
SHP-00002443,PRD-00033,WH-WEST,2026-04-21,21,21,INBOUND,COMPLETED
SHP-00002444,PRD-00083,WH-CENTRAL,2026-08-09,39,,OUTBOUND,SCHEDULED
SHP-00002445,PRD-00121,WH-WEST,2026-08-05,43,,INBOUND,SCHEDULED
SHP-00002446,PRD-00027,WH-EAST,2026-09-17,43,,OUTBOUND,SCHEDULED
SHP-00002447,PRD-00162,WH-EAST,2026-10-24,29,,OUTBOUND,SCHEDULED
SHP-00002448,PRD-00040,WH-EAST,2026-04-27,4,4,OUTBOUND,COMPLETED
SHP-00002449,PRD-00167,WH-CENTRAL,2026-04-24,39,37,INBOUND,COMPLETED
SHP-00002450,PRD-00172,WH-CENTRAL,2026-07-10,4,4,INBOUND,COMPLETED
SHP-00002451,PRD-00200,WH-EAST,2026-06-19,55,55,INBOUND,COMPLETED
SHP-00002452,PRD-00198,WH-WEST,2026-07-27,38,38,OUTBOUND,COMPLETED
SHP-00002453,PRD-00186,WH-EAST,2026-07-15,33,32,OUTBOUND,COMPLETED
SHP-00002454,PRD-00154,WH-CENTRAL,2026-10-29,5,,INBOUND,SCHEDULED
SHP-00002455,PRD-00102,WH-EAST,2026-05-13,54,51,INBOUND,COMPLETED
SHP-00002456,PRD-00122,WH-EAST,2026-07-03,44,43,INBOUND,COMPLETED
SHP-00002457,PRD-00173,WH-EAST,2026-10-21,36,,OUTBOUND,SCHEDULED
SHP-00002458,PRD-00021,WH-CENTRAL,2026-08-08,41,,INBOUND,SCHEDULED
SHP-00002459,PRD-00190,WH-EAST,2026-05-04,23,22,INBOUND,COMPLETED
SHP-00002460,PRD-00095,WH-WEST,2026-07-14,20,18,INBOUND,COMPLETED
SHP-00002461,PRD-00159,WH-CENTRAL,2026-10-10,31,,OUTBOUND,SCHEDULED
SHP-00002462,PRD-00011,WH-WEST,2026-07-23,31,30,INBOUND,COMPLETED
SHP-00002463,PRD-00093,WH-CENTRAL,2026-05-31,14,15,INBOUND,COMPLETED
SHP-00002464,PRD-00026,WH-EAST,2026-10-01,15,,INBOUND,SCHEDULED
SHP-00002465,PRD-00017,WH-WEST,2026-05-13,9,9,INBOUND,COMPLETED
SHP-00002466,PRD-00136,WH-WEST,2026-04-29,37,35,OUTBOUND,COMPLETED
SHP-00002467,PRD-00019,WH-WEST,2026-08-23,24,,OUTBOUND,DELAYED
SHP-00002468,PRD-00120,WH-EAST,2026-07-24,14,16,INBOUND,COMPLETED
SHP-00002469,PRD-00165,WH-CENTRAL,2026-05-07,25,24,OUTBOUND,COMPLETED
SHP-00002470,PRD-00066,WH-WEST,2026-05-01,31,28,OUTBOUND,COMPLETED
SHP-00002471,PRD-00033,WH-EAST,2026-08-11,42,,OUTBOUND,SCHEDULED
SHP-00002472,PRD-00144,WH-WEST,2026-04-06,36,36,INBOUND,COMPLETED
SHP-00002473,PRD-00084,WH-WEST,2026-07-04,17,19,INBOUND,COMPLETED
SHP-00002474,PRD-00194,WH-WEST,2026-09-23,11,,OUTBOUND,SCHEDULED
SHP-00002475,PRD-00047,WH-WEST,2026-04-21,15,14,INBOUND,COMPLETED
SHP-00002476,PRD-00033,WH-EAST,2026-09-18,21,,OUTBOUND,SCHEDULED
SHP-00002477,PRD-00083,WH-CENTRAL,2026-06-12,33,33,OUTBOUND,COMPLETED
SHP-00002478,PRD-00054,WH-WEST,2026-06-02,7,6,OUTBOUND,COMPLETED
SHP-00002479,PRD-00108,WH-WEST,2026-05-26,44,45,INBOUND,COMPLETED
SHP-00002480,PRD-00036,WH-CENTRAL,2026-05-04,13,14,OUTBOUND,COMPLETED
SHP-00002481,PRD-00128,WH-WEST,2026-08-06,43,,INBOUND,SCHEDULED
SHP-00002482,PRD-00042,WH-WEST,2026-08-27,32,,INBOUND,SCHEDULED
SHP-00002483,PRD-00142,WH-EAST,2026-08-27,38,,OUTBOUND,SCHEDULED
SHP-00002484,PRD-00065,WH-CENTRAL,2026-07-14,37,37,OUTBOUND,COMPLETED
SHP-00002485,PRD-00003,WH-EAST,2026-10-03,24,,OUTBOUND,SCHEDULED
SHP-00002486,PRD-00058,WH-EAST,2026-08-19,17,,INBOUND,SCHEDULED
SHP-00002487,PRD-00172,WH-EAST,2026-05-17,8,8,OUTBOUND,COMPLETED
SHP-00002488,PRD-00114,WH-CENTRAL,2026-06-28,34,33,OUTBOUND,COMPLETED
SHP-00002489,PRD-00011,WH-CENTRAL,2026-07-18,54,55,INBOUND,COMPLETED
SHP-00002490,PRD-00134,WH-CENTRAL,2026-08-20,8,,INBOUND,SCHEDULED
SHP-00002491,PRD-00028,WH-CENTRAL,2026-07-04,52,50,INBOUND,COMPLETED
SHP-00002492,PRD-00060,WH-CENTRAL,2026-08-14,23,,OUTBOUND,SCHEDULED
SHP-00002493,PRD-00140,WH-WEST,2026-08-12,10,,OUTBOUND,SCHEDULED
SHP-00002494,PRD-00078,WH-EAST,2026-07-31,31,29,INBOUND,COMPLETED
SHP-00002495,PRD-00126,WH-CENTRAL,2026-10-23,45,,OUTBOUND,SCHEDULED
SHP-00002496,PRD-00173,WH-EAST,2026-07-04,18,18,OUTBOUND,COMPLETED
SHP-00002497,PRD-00149,WH-WEST,2026-07-19,20,20,INBOUND,COMPLETED
SHP-00002498,PRD-00151,WH-CENTRAL,2026-04-16,49,49,INBOUND,COMPLETED
SHP-00002499,PRD-00043,WH-EAST,2026-10-13,30,,OUTBOUND,CANCELLED
SHP-00002500,PRD-00114,WH-WEST,2026-08-01,24,24,OUTBOUND,COMPLETED
SHP-00002501,PRD-00135,WH-CENTRAL,2026-09-05,5,,OUTBOUND,SCHEDULED
SHP-00002502,PRD-00001,WH-WEST,2026-09-03,51,,INBOUND,DELAYED
SHP-00002503,PRD-00061,WH-CENTRAL,2026-05-19,25,26,INBOUND,COMPLETED
SHP-00002504,PRD-00156,WH-CENTRAL,2026-10-07,27,,OUTBOUND,SCHEDULED
SHP-00002505,PRD-00162,WH-WEST,2026-05-06,6,8,INBOUND,COMPLETED
SHP-00002506,PRD-00002,WH-CENTRAL,2026-05-27,26,26,INBOUND,COMPLETED
SHP-00002507,PRD-00019,WH-WEST,2026-07-04,16,14,INBOUND,COMPLETED
SHP-00002508,PRD-00007,WH-EAST,2026-09-21,23,,OUTBOUND,SCHEDULED
SHP-00002509,PRD-00131,WH-WEST,2026-09-29,11,,INBOUND,SCHEDULED
SHP-00002510,PRD-00084,WH-CENTRAL,2026-05-15,46,48,INBOUND,COMPLETED
SHP-00002511,PRD-00061,WH-WEST,2026-04-20,39,37,OUTBOUND,COMPLETED
SHP-00002512,PRD-00075,WH-CENTRAL,2026-07-21,38,38,OUTBOUND,COMPLETED
SHP-00002513,PRD-00027,WH-EAST,2026-10-15,47,,OUTBOUND,SCHEDULED
SHP-00002514,PRD-00032,WH-CENTRAL,2026-06-30,49,46,INBOUND,COMPLETED
SHP-00002515,PRD-00054,WH-EAST,2026-09-28,20,,INBOUND,SCHEDULED
SHP-00002516,PRD-00150,WH-EAST,2026-06-13,44,44,OUTBOUND,COMPLETED
SHP-00002517,PRD-00181,WH-EAST,2026-09-14,43,,INBOUND,SCHEDULED
SHP-00002518,PRD-00048,WH-CENTRAL,2026-07-21,16,16,OUTBOUND,COMPLETED
SHP-00002519,PRD-00151,WH-CENTRAL,2026-08-23,15,,INBOUND,SCHEDULED
SHP-00002520,PRD-00076,WH-WEST,2026-07-30,23,21,INBOUND,COMPLETED
SHP-00002521,PRD-00126,WH-EAST,2026-04-04,15,17,OUTBOUND,COMPLETED
SHP-00002522,PRD-00178,WH-CENTRAL,2026-07-02,44,45,OUTBOUND,COMPLETED
SHP-00002523,PRD-00088,WH-EAST,2026-10-17,38,,INBOUND,SCHEDULED
SHP-00002524,PRD-00066,WH-EAST,2026-07-19,33,33,INBOUND,COMPLETED
SHP-00002525,PRD-00185,WH-EAST,2026-06-26,43,40,OUTBOUND,COMPLETED
SHP-00002526,PRD-00143,WH-WEST,2026-05-07,8,7,INBOUND,COMPLETED
SHP-00002527,PRD-00009,WH-CENTRAL,2026-08-14,4,,INBOUND,SCHEDULED
SHP-00002528,PRD-00037,WH-EAST,2026-10-30,6,,OUTBOUND,SCHEDULED
SHP-00002529,PRD-00157,WH-EAST,2026-05-10,38,37,INBOUND,COMPLETED
SHP-00002530,PRD-00194,WH-CENTRAL,2026-07-30,40,41,OUTBOUND,COMPLETED
SHP-00002531,PRD-00142,WH-WEST,2026-06-17,26,25,OUTBOUND,COMPLETED
SHP-00002532,PRD-00044,WH-CENTRAL,2026-08-25,15,,OUTBOUND,SCHEDULED
SHP-00002533,PRD-00133,WH-WEST,2026-04-09,40,37,INBOUND,COMPLETED
SHP-00002534,PRD-00182,WH-WEST,2026-09-10,38,,INBOUND,SCHEDULED
SHP-00002535,PRD-00197,WH-CENTRAL,2026-06-19,32,32,INBOUND,COMPLETED
SHP-00002536,PRD-00128,WH-EAST,2026-06-01,6,6,OUTBOUND,COMPLETED
SHP-00002537,PRD-00020,WH-EAST,2026-09-16,41,,INBOUND,SCHEDULED
SHP-00002538,PRD-00058,WH-EAST,2026-04-05,8,8,OUTBOUND,COMPLETED
SHP-00002539,PRD-00171,WH-CENTRAL,2026-10-10,22,,OUTBOUND,SCHEDULED
SHP-00002540,PRD-00075,WH-WEST,2026-04-14,51,50,INBOUND,COMPLETED
SHP-00002541,PRD-00153,WH-WEST,2026-08-07,35,,INBOUND,SCHEDULED
SHP-00002542,PRD-00123,WH-EAST,2026-10-25,18,,OUTBOUND,SCHEDULED
SHP-00002543,PRD-00016,WH-WEST,2026-08-21,19,,INBOUND,SCHEDULED
SHP-00002544,PRD-00159,WH-WEST,2026-05-07,14,14,OUTBOUND,COMPLETED
SHP-00002545,PRD-00172,WH-WEST,2026-04-29,5,5,OUTBOUND,COMPLETED
SHP-00002546,PRD-00187,WH-EAST,2026-04-23,43,42,INBOUND,COMPLETED
SHP-00002547,PRD-00079,WH-WEST,2026-07-11,16,16,OUTBOUND,COMPLETED
SHP-00002548,PRD-00109,WH-EAST,2026-04-07,49,48,INBOUND,COMPLETED
SHP-00002549,PRD-00007,WH-CENTRAL,2026-06-04,38,38,OUTBOUND,COMPLETED
SHP-00002550,PRD-00149,WH-EAST,2026-09-03,30,,INBOUND,SCHEDULED
SHP-00002551,PRD-00130,WH-CENTRAL,2026-06-05,5,5,OUTBOUND,COMPLETED
SHP-00002552,PRD-00087,WH-WEST,2026-10-02,30,,INBOUND,CANCELLED
SHP-00002553,PRD-00042,WH-CENTRAL,2026-10-04,44,,OUTBOUND,SCHEDULED
SHP-00002554,PRD-00058,WH-CENTRAL,2026-04-05,15,15,INBOUND,COMPLETED
SHP-00002555,PRD-00099,WH-CENTRAL,2026-09-16,26,,INBOUND,SCHEDULED
SHP-00002556,PRD-00004,WH-CENTRAL,2026-04-04,17,17,INBOUND,COMPLETED
SHP-00002557,PRD-00094,WH-EAST,2026-04-23,29,26,OUTBOUND,COMPLETED
SHP-00002558,PRD-00024,WH-EAST,2026-07-31,10,8,INBOUND,COMPLETED
SHP-00002559,PRD-00126,WH-CENTRAL,2026-10-19,22,,OUTBOUND,DELAYED
SHP-00002560,PRD-00092,WH-WEST,2026-09-28,31,,INBOUND,SCHEDULED
SHP-00002561,PRD-00156,WH-CENTRAL,2026-04-03,40,40,INBOUND,COMPLETED
SHP-00002562,PRD-00179,WH-WEST,2026-07-13,38,39,INBOUND,COMPLETED
SHP-00002563,PRD-00051,WH-EAST,2026-06-04,24,22,OUTBOUND,COMPLETED
SHP-00002564,PRD-00148,WH-WEST,2026-10-21,27,,INBOUND,SCHEDULED
SHP-00002565,PRD-00142,WH-EAST,2026-08-19,20,,INBOUND,SCHEDULED
SHP-00002566,PRD-00147,WH-CENTRAL,2026-09-29,37,,OUTBOUND,SCHEDULED
SHP-00002567,PRD-00107,WH-CENTRAL,2026-06-27,41,39,INBOUND,COMPLETED
SHP-00002568,PRD-00194,WH-EAST,2026-09-14,36,,OUTBOUND,DELAYED
SHP-00002569,PRD-00169,WH-EAST,2026-06-24,25,26,OUTBOUND,COMPLETED
SHP-00002570,PRD-00142,WH-CENTRAL,2026-10-18,7,,OUTBOUND,SCHEDULED
SHP-00002571,PRD-00183,WH-EAST,2026-07-18,31,32,OUTBOUND,COMPLETED
SHP-00002572,PRD-00063,WH-CENTRAL,2026-10-09,39,,OUTBOUND,DELAYED
SHP-00002573,PRD-00159,WH-EAST,2026-07-09,37,36,INBOUND,COMPLETED
SHP-00002574,PRD-00128,WH-WEST,2026-04-12,22,19,INBOUND,COMPLETED
SHP-00002575,PRD-00091,WH-CENTRAL,2026-07-06,33,30,OUTBOUND,COMPLETED
SHP-00002576,PRD-00040,WH-EAST,2026-08-22,11,,INBOUND,DELAYED
SHP-00002577,PRD-00068,WH-EAST,2026-04-25,41,39,OUTBOUND,COMPLETED
SHP-00002578,PRD-00179,WH-EAST,2026-07-24,38,39,INBOUND,COMPLETED
SHP-00002579,PRD-00024,WH-CENTRAL,2026-08-26,20,,INBOUND,SCHEDULED
SHP-00002580,PRD-00181,WH-WEST,2026-06-20,38,35,INBOUND,COMPLETED
SHP-00002581,PRD-00076,WH-EAST,2026-09-05,7,,OUTBOUND,SCHEDULED
SHP-00002582,PRD-00171,WH-WEST,2026-07-21,6,3,OUTBOUND,COMPLETED
SHP-00002583,PRD-00175,WH-EAST,2026-09-09,6,,OUTBOUND,SCHEDULED
SHP-00002584,PRD-00182,WH-EAST,2026-10-22,12,,INBOUND,SCHEDULED
SHP-00002585,PRD-00187,WH-CENTRAL,2026-10-01,48,,INBOUND,SCHEDULED
SHP-00002586,PRD-00176,WH-CENTRAL,2026-07-20,44,44,OUTBOUND,COMPLETED
SHP-00002587,PRD-00179,WH-CENTRAL,2026-06-01,37,38,OUTBOUND,COMPLETED
SHP-00002588,PRD-00194,WH-CENTRAL,2026-05-22,8,5,INBOUND,COMPLETED
SHP-00002589,PRD-00021,WH-WEST,2026-09-03,6,,INBOUND,SCHEDULED
SHP-00002590,PRD-00091,WH-EAST,2026-10-24,22,,OUTBOUND,SCHEDULED
SHP-00002591,PRD-00048,WH-CENTRAL,2026-06-09,24,25,OUTBOUND,COMPLETED
SHP-00002592,PRD-00116,WH-WEST,2026-04-20,21,20,INBOUND,COMPLETED
SHP-00002593,PRD-00092,WH-CENTRAL,2026-05-20,36,36,INBOUND,COMPLETED
SHP-00002594,PRD-00093,WH-EAST,2026-07-27,39,40,INBOUND,COMPLETED
SHP-00002595,PRD-00096,WH-EAST,2026-08-31,14,,INBOUND,SCHEDULED
SHP-00002596,PRD-00110,WH-CENTRAL,2026-04-26,28,26,OUTBOUND,COMPLETED
SHP-00002597,PRD-00141,WH-EAST,2026-07-31,40,38,INBOUND,COMPLETED
SHP-00002598,PRD-00196,WH-CENTRAL,2026-05-03,43,44,OUTBOUND,COMPLETED
SHP-00002599,PRD-00192,WH-EAST,2026-07-04,50,47,INBOUND,COMPLETED
SHP-00002600,PRD-00078,WH-WEST,2026-08-14,14,,OUTBOUND,SCHEDULED
SHP-00002601,PRD-00126,WH-WEST,2026-05-04,48,48,OUTBOUND,COMPLETED
SHP-00002602,PRD-00144,WH-CENTRAL,2026-08-12,48,,OUTBOUND,SCHEDULED
SHP-00002603,PRD-00080,WH-CENTRAL,2026-09-19,54,,INBOUND,SCHEDULED
SHP-00002604,PRD-00100,WH-WEST,2026-04-22,20,20,INBOUND,COMPLETED
SHP-00002605,PRD-00135,WH-CENTRAL,2026-07-02,15,13,OUTBOUND,COMPLETED
SHP-00002606,PRD-00196,WH-CENTRAL,2026-09-18,51,,INBOUND,SCHEDULED
SHP-00002607,PRD-00066,WH-EAST,2026-10-23,53,,INBOUND,SCHEDULED
SHP-00002608,PRD-00180,WH-EAST,2026-09-19,6,,OUTBOUND,SCHEDULED
SHP-00002609,PRD-00081,WH-EAST,2026-09-04,47,,INBOUND,SCHEDULED
SHP-00002610,PRD-00142,WH-CENTRAL,2026-10-12,22,,OUTBOUND,SCHEDULED
SHP-00002611,PRD-00076,WH-EAST,2026-08-27,5,,OUTBOUND,SCHEDULED
SHP-00002612,PRD-00084,WH-EAST,2026-08-12,6,,OUTBOUND,SCHEDULED
SHP-00002613,PRD-00019,WH-EAST,2026-04-04,21,23,INBOUND,COMPLETED
SHP-00002614,PRD-00138,WH-CENTRAL,2026-09-05,36,,INBOUND,SCHEDULED
SHP-00002615,PRD-00177,WH-EAST,2026-08-14,32,,OUTBOUND,DELAYED
SHP-00002616,PRD-00141,WH-EAST,2026-04-30,30,27,INBOUND,COMPLETED
SHP-00002617,PRD-00118,WH-EAST,2026-04-27,25,22,INBOUND,COMPLETED
SHP-00002618,PRD-00042,WH-WEST,2026-09-13,5,,INBOUND,SCHEDULED
SHP-00002619,PRD-00151,WH-EAST,2026-05-17,43,45,OUTBOUND,COMPLETED
SHP-00002620,PRD-00184,WH-EAST,2026-09-11,17,,INBOUND,SCHEDULED
SHP-00002621,PRD-00157,WH-EAST,2026-09-30,37,,INBOUND,SCHEDULED
SHP-00002622,PRD-00130,WH-CENTRAL,2026-08-09,32,,OUTBOUND,SCHEDULED
SHP-00002623,PRD-00171,WH-WEST,2026-06-06,12,11,INBOUND,COMPLETED
SHP-00002624,PRD-00156,WH-EAST,2026-07-26,43,42,INBOUND,COMPLETED
SHP-00002625,PRD-00017,WH-WEST,2026-08-13,55,,INBOUND,SCHEDULED
SHP-00002626,PRD-00101,WH-CENTRAL,2026-05-21,52,52,INBOUND,COMPLETED
SHP-00002627,PRD-00091,WH-CENTRAL,2026-09-02,25,,OUTBOUND,SCHEDULED
SHP-00002628,PRD-00169,WH-EAST,2026-06-20,3,2,OUTBOUND,COMPLETED
SHP-00002629,PRD-00021,WH-EAST,2026-06-27,46,46,OUTBOUND,COMPLETED
SHP-00002630,PRD-00136,WH-EAST,2026-07-08,31,33,INBOUND,COMPLETED
SHP-00002631,PRD-00167,WH-EAST,2026-08-03,47,,INBOUND,SCHEDULED
SHP-00002632,PRD-00176,WH-WEST,2026-04-18,34,31,OUTBOUND,COMPLETED
SHP-00002633,PRD-00190,WH-WEST,2026-07-06,24,23,INBOUND,COMPLETED
SHP-00002634,PRD-00064,WH-CENTRAL,2026-04-24,4,2,INBOUND,COMPLETED
SHP-00002635,PRD-00085,WH-WEST,2026-04-07,11,8,INBOUND,COMPLETED
SHP-00002636,PRD-00019,WH-WEST,2026-09-25,4,,INBOUND,SCHEDULED
SHP-00002637,PRD-00094,WH-WEST,2026-08-22,31,,OUTBOUND,SCHEDULED
SHP-00002638,PRD-00131,WH-WEST,2026-06-18,25,22,INBOUND,COMPLETED
SHP-00002639,PRD-00055,WH-EAST,2026-05-20,25,23,OUTBOUND,COMPLETED
SHP-00002640,PRD-00051,WH-WEST,2026-04-25,42,43,OUTBOUND,COMPLETED
SHP-00002641,PRD-00195,WH-CENTRAL,2026-07-13,38,40,INBOUND,COMPLETED
SHP-00002642,PRD-00005,WH-CENTRAL,2026-08-07,22,,OUTBOUND,SCHEDULED
SHP-00002643,PRD-00155,WH-WEST,2026-07-25,18,18,OUTBOUND,COMPLETED
SHP-00002644,PRD-00087,WH-EAST,2026-10-16,46,,OUTBOUND,SCHEDULED
SHP-00002645,PRD-00081,WH-WEST,2026-04-03,38,37,OUTBOUND,COMPLETED
SHP-00002646,PRD-00115,WH-CENTRAL,2026-06-13,51,48,INBOUND,COMPLETED
SHP-00002647,PRD-00147,WH-WEST,2026-09-27,34,,OUTBOUND,SCHEDULED
SHP-00002648,PRD-00012,WH-EAST,2026-04-04,41,41,OUTBOUND,COMPLETED
SHP-00002649,PRD-00147,WH-EAST,2026-08-15,14,,OUTBOUND,SCHEDULED
SHP-00002650,PRD-00017,WH-WEST,2026-08-29,32,,OUTBOUND,SCHEDULED
SHP-00002651,PRD-00115,WH-EAST,2026-08-28,44,,OUTBOUND,SCHEDULED
SHP-00002652,PRD-00068,WH-WEST,2026-07-25,29,29,OUTBOUND,COMPLETED
SHP-00002653,PRD-00036,WH-WEST,2026-06-15,29,29,INBOUND,COMPLETED
SHP-00002654,PRD-00164,WH-WEST,2026-07-05,55,56,INBOUND,COMPLETED
SHP-00002655,PRD-00057,WH-EAST,2026-06-05,33,33,OUTBOUND,COMPLETED
SHP-00002656,PRD-00067,WH-EAST,2026-05-28,13,13,INBOUND,COMPLETED
SHP-00002657,PRD-00137,WH-WEST,2026-08-04,31,,OUTBOUND,DELAYED
SHP-00002658,PRD-00018,WH-WEST,2026-07-30,6,6,OUTBOUND,COMPLETED
SHP-00002659,PRD-00009,WH-EAST,2026-07-16,27,27,OUTBOUND,COMPLETED
SHP-00002660,PRD-00165,WH-CENTRAL,2026-07-09,46,43,OUTBOUND,COMPLETED
SHP-00002661,PRD-00181,WH-EAST,2026-04-16,39,38,INBOUND,COMPLETED
SHP-00002662,PRD-00097,WH-WEST,2026-07-18,10,12,OUTBOUND,COMPLETED
SHP-00002663,PRD-00075,WH-CENTRAL,2026-05-22,8,8,INBOUND,COMPLETED
SHP-00002664,PRD-00066,WH-WEST,2026-09-26,47,,OUTBOUND,SCHEDULED
SHP-00002665,PRD-00035,WH-CENTRAL,2026-10-22,19,,OUTBOUND,SCHEDULED
SHP-00002666,PRD-00021,WH-WEST,2026-06-15,27,24,INBOUND,COMPLETED
SHP-00002667,PRD-00180,WH-WEST,2026-09-17,48,,OUTBOUND,SCHEDULED
SHP-00002668,PRD-00063,WH-WEST,2026-07-23,32,32,INBOUND,COMPLETED
SHP-00002669,PRD-00182,WH-EAST,2026-05-06,14,14,OUTBOUND,COMPLETED
SHP-00002670,PRD-00171,WH-WEST,2026-05-08,39,39,OUTBOUND,COMPLETED
SHP-00002671,PRD-00058,WH-EAST,2026-07-20,11,8,OUTBOUND,COMPLETED
SHP-00002672,PRD-00050,WH-CENTRAL,2026-09-28,18,,INBOUND,SCHEDULED
SHP-00002673,PRD-00168,WH-EAST,2026-10-22,32,,OUTBOUND,SCHEDULED
SHP-00002674,PRD-00149,WH-CENTRAL,2026-04-22,22,19,INBOUND,COMPLETED
SHP-00002675,PRD-00094,WH-CENTRAL,2026-04-27,42,40,OUTBOUND,COMPLETED
SHP-00002676,PRD-00125,WH-CENTRAL,2026-10-04,46,,OUTBOUND,SCHEDULED
SHP-00002677,PRD-00163,WH-EAST,2026-06-12,37,37,INBOUND,COMPLETED
SHP-00002678,PRD-00159,WH-WEST,2026-04-06,12,12,OUTBOUND,COMPLETED
SHP-00002679,PRD-00011,WH-WEST,2026-04-29,31,31,INBOUND,COMPLETED
SHP-00002680,PRD-00190,WH-CENTRAL,2026-08-15,9,,OUTBOUND,SCHEDULED
SHP-00002681,PRD-00026,WH-EAST,2026-05-30,13,14,OUTBOUND,COMPLETED
SHP-00002682,PRD-00156,WH-WEST,2026-08-09,5,,INBOUND,SCHEDULED
SHP-00002683,PRD-00023,WH-EAST,2026-08-14,35,,OUTBOUND,SCHEDULED
SHP-00002684,PRD-00013,WH-WEST,2026-09-27,38,,INBOUND,SCHEDULED
SHP-00002685,PRD-00105,WH-CENTRAL,2026-06-20,25,23,INBOUND,COMPLETED
SHP-00002686,PRD-00005,WH-CENTRAL,2026-07-24,21,19,OUTBOUND,COMPLETED
SHP-00002687,PRD-00068,WH-WEST,2026-10-07,31,,INBOUND,SCHEDULED
SHP-00002688,PRD-00090,WH-WEST,2026-05-18,47,48,OUTBOUND,COMPLETED
SHP-00002689,PRD-00053,WH-EAST,2026-05-25,24,25,OUTBOUND,COMPLETED
SHP-00002690,PRD-00077,WH-WEST,2026-08-04,9,,INBOUND,SCHEDULED
SHP-00002691,PRD-00135,WH-WEST,2026-05-16,8,7,OUTBOUND,COMPLETED
SHP-00002692,PRD-00122,WH-WEST,2026-09-17,28,,INBOUND,SCHEDULED
SHP-00002693,PRD-00131,WH-CENTRAL,2026-06-09,47,49,INBOUND,COMPLETED
SHP-00002694,PRD-00024,WH-CENTRAL,2026-10-03,10,,OUTBOUND,SCHEDULED
SHP-00002695,PRD-00065,WH-EAST,2026-06-07,20,19,OUTBOUND,COMPLETED
SHP-00002696,PRD-00111,WH-EAST,2026-08-05,33,,INBOUND,SCHEDULED
SHP-00002697,PRD-00037,WH-WEST,2026-04-06,10,9,OUTBOUND,COMPLETED
SHP-00002698,PRD-00021,WH-WEST,2026-04-15,40,42,INBOUND,COMPLETED
SHP-00002699,PRD-00004,WH-CENTRAL,2026-09-03,22,,OUTBOUND,SCHEDULED
SHP-00002700,PRD-00023,WH-EAST,2026-10-02,46,,INBOUND,SCHEDULED
SHP-00002701,PRD-00108,WH-EAST,2026-07-10,25,22,OUTBOUND,COMPLETED
SHP-00002702,PRD-00083,WH-WEST,2026-10-27,18,,OUTBOUND,SCHEDULED
SHP-00002703,PRD-00181,WH-CENTRAL,2026-04-22,46,46,OUTBOUND,COMPLETED
SHP-00002704,PRD-00180,WH-EAST,2026-10-28,25,,INBOUND,SCHEDULED
SHP-00002705,PRD-00044,WH-EAST,2026-09-18,50,,INBOUND,SCHEDULED
SHP-00002706,PRD-00058,WH-EAST,2026-08-26,31,,OUTBOUND,SCHEDULED
SHP-00002707,PRD-00054,WH-CENTRAL,2026-08-22,16,,OUTBOUND,SCHEDULED
SHP-00002708,PRD-00061,WH-WEST,2026-06-18,27,25,OUTBOUND,COMPLETED
SHP-00002709,PRD-00112,WH-CENTRAL,2026-07-05,37,34,INBOUND,COMPLETED
SHP-00002710,PRD-00126,WH-EAST,2026-07-20,34,34,OUTBOUND,COMPLETED
SHP-00002711,PRD-00091,WH-CENTRAL,2026-07-14,34,34,OUTBOUND,COMPLETED
SHP-00002712,PRD-00057,WH-EAST,2026-06-12,9,7,INBOUND,COMPLETED
SHP-00002713,PRD-00199,WH-CENTRAL,2026-05-22,24,24,OUTBOUND,COMPLETED
SHP-00002714,PRD-00119,WH-EAST,2026-10-07,26,,OUTBOUND,SCHEDULED
SHP-00002715,PRD-00140,WH-EAST,2026-08-18,49,,INBOUND,DELAYED
SHP-00002716,PRD-00048,WH-EAST,2026-10-04,35,,INBOUND,DELAYED
SHP-00002717,PRD-00046,WH-CENTRAL,2026-05-10,27,,INBOUND,CANCELLED
SHP-00002718,PRD-00180,WH-CENTRAL,2026-09-19,28,,INBOUND,DELAYED
SHP-00002719,PRD-00041,WH-WEST,2026-10-16,27,,OUTBOUND,SCHEDULED
SHP-00002720,PRD-00122,WH-EAST,2026-07-24,20,22,OUTBOUND,COMPLETED
SHP-00002721,PRD-00006,WH-CENTRAL,2026-09-25,16,,INBOUND,SCHEDULED
SHP-00002722,PRD-00135,WH-EAST,2026-08-27,24,,INBOUND,SCHEDULED
SHP-00002723,PRD-00161,WH-EAST,2026-06-30,29,29,OUTBOUND,COMPLETED
SHP-00002724,PRD-00167,WH-EAST,2026-05-07,21,18,INBOUND,COMPLETED
SHP-00002725,PRD-00046,WH-CENTRAL,2026-04-16,8,5,OUTBOUND,COMPLETED
SHP-00002726,PRD-00012,WH-WEST,2026-06-10,48,45,INBOUND,COMPLETED
SHP-00002727,PRD-00098,WH-CENTRAL,2026-06-27,21,21,INBOUND,COMPLETED
SHP-00002728,PRD-00054,WH-CENTRAL,2026-05-20,54,54,INBOUND,COMPLETED
SHP-00002729,PRD-00121,WH-WEST,2026-05-08,3,3,OUTBOUND,COMPLETED
SHP-00002730,PRD-00043,WH-EAST,2026-07-19,3,1,OUTBOUND,COMPLETED
SHP-00002731,PRD-00187,WH-EAST,2026-08-07,9,,OUTBOUND,SCHEDULED
SHP-00002732,PRD-00115,WH-EAST,2026-05-08,24,23,OUTBOUND,COMPLETED
SHP-00002733,PRD-00023,WH-WEST,2026-04-25,23,24,OUTBOUND,COMPLETED
SHP-00002734,PRD-00090,WH-CENTRAL,2026-07-07,37,39,OUTBOUND,COMPLETED
SHP-00002735,PRD-00009,WH-CENTRAL,2026-07-02,6,5,OUTBOUND,COMPLETED
SHP-00002736,PRD-00193,WH-CENTRAL,2026-07-14,27,27,OUTBOUND,COMPLETED
SHP-00002737,PRD-00172,WH-EAST,2026-10-18,48,,OUTBOUND,SCHEDULED
SHP-00002738,PRD-00025,WH-CENTRAL,2026-09-06,38,,OUTBOUND,SCHEDULED
SHP-00002739,PRD-00140,WH-WEST,2026-10-19,28,,OUTBOUND,SCHEDULED
SHP-00002740,PRD-00047,WH-CENTRAL,2026-07-13,47,47,OUTBOUND,COMPLETED
SHP-00002741,PRD-00015,WH-CENTRAL,2026-09-13,48,,OUTBOUND,SCHEDULED
SHP-00002742,PRD-00022,WH-WEST,2026-08-18,3,,OUTBOUND,SCHEDULED
SHP-00002743,PRD-00056,WH-WEST,2026-06-16,18,18,OUTBOUND,COMPLETED
SHP-00002744,PRD-00092,WH-WEST,2026-09-07,51,,INBOUND,SCHEDULED
SHP-00002745,PRD-00079,WH-CENTRAL,2026-05-29,18,15,OUTBOUND,COMPLETED
SHP-00002746,PRD-00076,WH-EAST,2026-09-20,30,,INBOUND,SCHEDULED
SHP-00002747,PRD-00042,WH-WEST,2026-09-22,33,,INBOUND,DELAYED
SHP-00002748,PRD-00152,WH-CENTRAL,2026-08-26,29,,OUTBOUND,SCHEDULED
SHP-00002749,PRD-00111,WH-CENTRAL,2026-05-12,45,42,OUTBOUND,COMPLETED
SHP-00002750,PRD-00144,WH-EAST,2026-04-12,17,17,OUTBOUND,COMPLETED
SHP-00002751,PRD-00035,WH-CENTRAL,2026-04-22,39,36,INBOUND,COMPLETED
SHP-00002752,PRD-00006,WH-WEST,2026-07-04,21,23,OUTBOUND,COMPLETED
SHP-00002753,PRD-00139,WH-CENTRAL,2026-07-14,9,9,INBOUND,COMPLETED
SHP-00002754,PRD-00125,WH-EAST,2026-07-03,19,17,OUTBOUND,COMPLETED
SHP-00002755,PRD-00097,WH-WEST,2026-06-02,42,42,OUTBOUND,COMPLETED
SHP-00002756,PRD-00060,WH-CENTRAL,2026-08-09,26,,OUTBOUND,SCHEDULED
SHP-00002757,PRD-00035,WH-CENTRAL,2026-06-28,52,51,INBOUND,COMPLETED
SHP-00002758,PRD-00039,WH-WEST,2026-05-26,22,22,OUTBOUND,COMPLETED
SHP-00002759,PRD-00017,WH-CENTRAL,2026-05-15,47,47,OUTBOUND,COMPLETED
SHP-00002760,PRD-00165,WH-EAST,2026-08-04,32,,INBOUND,SCHEDULED
SHP-00002761,PRD-00022,WH-EAST,2026-04-29,50,50,INBOUND,COMPLETED
SHP-00002762,PRD-00085,WH-CENTRAL,2026-07-31,35,32,INBOUND,COMPLETED
SHP-00002763,PRD-00116,WH-CENTRAL,2026-10-27,32,,OUTBOUND,SCHEDULED
SHP-00002764,PRD-00057,WH-WEST,2026-08-22,12,,OUTBOUND,SCHEDULED
SHP-00002765,PRD-00109,WH-CENTRAL,2026-08-06,31,,OUTBOUND,SCHEDULED
SHP-00002766,PRD-00050,WH-CENTRAL,2026-10-23,6,,OUTBOUND,SCHEDULED
SHP-00002767,PRD-00114,WH-WEST,2026-10-05,5,,OUTBOUND,SCHEDULED
SHP-00002768,PRD-00010,WH-CENTRAL,2026-06-07,12,11,OUTBOUND,COMPLETED
SHP-00002769,PRD-00138,WH-EAST,2026-08-02,33,,OUTBOUND,DELAYED
SHP-00002770,PRD-00162,WH-EAST,2026-04-06,14,16,OUTBOUND,COMPLETED
SHP-00002771,PRD-00127,WH-WEST,2026-05-25,15,14,INBOUND,COMPLETED
SHP-00002772,PRD-00003,WH-CENTRAL,2026-06-08,9,9,OUTBOUND,COMPLETED
SHP-00002773,PRD-00015,WH-EAST,2026-08-25,9,,INBOUND,SCHEDULED
SHP-00002774,PRD-00038,WH-CENTRAL,2026-05-24,36,37,INBOUND,COMPLETED
SHP-00002775,PRD-00093,WH-EAST,2026-04-24,37,37,OUTBOUND,COMPLETED
SHP-00002776,PRD-00111,WH-WEST,2026-04-06,38,38,INBOUND,COMPLETED
SHP-00002777,PRD-00121,WH-WEST,2026-09-13,43,,INBOUND,SCHEDULED
SHP-00002778,PRD-00093,WH-WEST,2026-08-06,30,,INBOUND,SCHEDULED
SHP-00002779,PRD-00087,WH-WEST,2026-06-15,12,14,OUTBOUND,COMPLETED
SHP-00002780,PRD-00199,WH-WEST,2026-08-17,42,,OUTBOUND,SCHEDULED
SHP-00002781,PRD-00028,WH-CENTRAL,2026-08-28,48,,OUTBOUND,SCHEDULED
SHP-00002782,PRD-00146,WH-EAST,2026-06-09,27,25,OUTBOUND,COMPLETED
SHP-00002783,PRD-00169,WH-WEST,2026-09-15,29,,OUTBOUND,SCHEDULED
SHP-00002784,PRD-00180,WH-CENTRAL,2026-04-08,32,32,INBOUND,COMPLETED
SHP-00002785,PRD-00186,WH-WEST,2026-07-30,20,20,OUTBOUND,COMPLETED
SHP-00002786,PRD-00198,WH-WEST,2026-05-18,32,29,INBOUND,COMPLETED
SHP-00002787,PRD-00087,WH-WEST,2026-07-20,26,23,OUTBOUND,COMPLETED
SHP-00002788,PRD-00184,WH-EAST,2026-07-09,48,48,OUTBOUND,COMPLETED
SHP-00002789,PRD-00182,WH-WEST,2026-04-12,42,42,OUTBOUND,COMPLETED
SHP-00002790,PRD-00089,WH-CENTRAL,2026-05-05,12,14,INBOUND,COMPLETED
SHP-00002791,PRD-00045,WH-WEST,2026-08-25,12,,INBOUND,DELAYED
SHP-00002792,PRD-00071,WH-CENTRAL,2026-09-08,17,,OUTBOUND,SCHEDULED
SHP-00002793,PRD-00152,WH-WEST,2026-09-02,18,,OUTBOUND,SCHEDULED
SHP-00002794,PRD-00057,WH-EAST,2026-04-08,36,36,OUTBOUND,COMPLETED
SHP-00002795,PRD-00085,WH-EAST,2026-05-15,32,29,INBOUND,COMPLETED
SHP-00002796,PRD-00081,WH-CENTRAL,2026-09-03,25,,INBOUND,SCHEDULED
SHP-00002797,PRD-00109,WH-WEST,2026-09-30,35,,OUTBOUND,SCHEDULED
SHP-00002798,PRD-00170,WH-WEST,2026-08-30,4,,OUTBOUND,SCHEDULED
SHP-00002799,PRD-00070,WH-EAST,2026-08-14,11,,INBOUND,SCHEDULED
SHP-00002800,PRD-00184,WH-EAST,2026-09-20,17,,INBOUND,SCHEDULED
SHP-00002801,PRD-00022,WH-WEST,2026-10-14,33,,OUTBOUND,SCHEDULED
SHP-00002802,PRD-00069,WH-WEST,2026-07-29,46,,OUTBOUND,DELAYED
SHP-00002803,PRD-00167,WH-CENTRAL,2026-10-19,38,,INBOUND,SCHEDULED
SHP-00002804,PRD-00093,WH-WEST,2026-06-28,18,16,INBOUND,COMPLETED
SHP-00002805,PRD-00109,WH-WEST,2026-06-11,4,5,OUTBOUND,COMPLETED
SHP-00002806,PRD-00046,WH-EAST,2026-10-08,7,,OUTBOUND,SCHEDULED
SHP-00002807,PRD-00100,WH-EAST,2026-05-25,19,19,OUTBOUND,COMPLETED
SHP-00002808,PRD-00077,WH-CENTRAL,2026-05-10,38,38,INBOUND,COMPLETED
SHP-00002809,PRD-00156,WH-EAST,2026-08-22,4,,OUTBOUND,SCHEDULED
SHP-00002810,PRD-00117,WH-CENTRAL,2026-06-21,10,9,OUTBOUND,COMPLETED
SHP-00002811,PRD-00126,WH-WEST,2026-08-16,35,,INBOUND,SCHEDULED
SHP-00002812,PRD-00081,WH-WEST,2026-05-18,24,21,OUTBOUND,COMPLETED
SHP-00002813,PRD-00146,WH-WEST,2026-08-19,40,,INBOUND,SCHEDULED
SHP-00002814,PRD-00155,WH-WEST,2026-04-11,9,8,OUTBOUND,COMPLETED
SHP-00002815,PRD-00039,WH-WEST,2026-04-28,33,35,OUTBOUND,COMPLETED
SHP-00002816,PRD-00058,WH-WEST,2026-10-23,10,,INBOUND,SCHEDULED
SHP-00002817,PRD-00189,WH-CENTRAL,2026-08-08,47,,OUTBOUND,SCHEDULED
SHP-00002818,PRD-00058,WH-CENTRAL,2026-07-04,26,27,INBOUND,COMPLETED
SHP-00002819,PRD-00185,WH-WEST,2026-04-04,48,47,INBOUND,COMPLETED
SHP-00002820,PRD-00192,WH-WEST,2026-06-26,11,8,INBOUND,COMPLETED
SHP-00002821,PRD-00100,WH-WEST,2026-08-05,26,,OUTBOUND,SCHEDULED
SHP-00002822,PRD-00138,WH-WEST,2026-04-13,51,51,INBOUND,COMPLETED
SHP-00002823,PRD-00198,WH-CENTRAL,2026-07-22,34,32,OUTBOUND,COMPLETED
SHP-00002824,PRD-00079,WH-WEST,2026-09-12,39,,INBOUND,SCHEDULED
SHP-00002825,PRD-00191,WH-WEST,2026-09-07,44,,OUTBOUND,DELAYED
SHP-00002826,PRD-00156,WH-EAST,2026-09-03,8,,OUTBOUND,SCHEDULED
SHP-00002827,PRD-00027,WH-WEST,2026-08-27,31,,OUTBOUND,SCHEDULED
SHP-00002828,PRD-00036,WH-WEST,2026-10-29,42,,INBOUND,SCHEDULED
SHP-00002829,PRD-00079,WH-CENTRAL,2026-08-15,46,,INBOUND,SCHEDULED
SHP-00002830,PRD-00077,WH-CENTRAL,2026-09-07,30,,INBOUND,SCHEDULED
SHP-00002831,PRD-00141,WH-CENTRAL,2026-04-07,33,33,OUTBOUND,COMPLETED
SHP-00002832,PRD-00106,WH-CENTRAL,2026-08-23,20,,OUTBOUND,SCHEDULED
SHP-00002833,PRD-00028,WH-WEST,2026-07-25,14,11,OUTBOUND,COMPLETED
SHP-00002834,PRD-00154,WH-EAST,2026-06-29,29,26,OUTBOUND,COMPLETED
SHP-00002835,PRD-00199,WH-CENTRAL,2026-10-13,19,,INBOUND,SCHEDULED
SHP-00002836,PRD-00091,WH-CENTRAL,2026-09-02,23,,OUTBOUND,SCHEDULED
SHP-00002837,PRD-00048,WH-CENTRAL,2026-09-08,46,,OUTBOUND,CANCELLED
SHP-00002838,PRD-00139,WH-WEST,2026-10-21,54,,INBOUND,SCHEDULED
SHP-00002839,PRD-00099,WH-CENTRAL,2026-07-18,15,15,OUTBOUND,COMPLETED
SHP-00002840,PRD-00110,WH-WEST,2026-05-05,9,9,OUTBOUND,COMPLETED
SHP-00002841,PRD-00070,WH-WEST,2026-09-16,21,,OUTBOUND,SCHEDULED
SHP-00002842,PRD-00072,WH-WEST,2026-06-20,28,28,INBOUND,COMPLETED
SHP-00002843,PRD-00096,WH-CENTRAL,2026-08-04,40,,OUTBOUND,SCHEDULED
SHP-00002844,PRD-00151,WH-EAST,2026-07-01,29,29,OUTBOUND,COMPLETED
SHP-00002845,PRD-00130,WH-EAST,2026-07-06,49,50,INBOUND,COMPLETED
SHP-00002846,PRD-00091,WH-CENTRAL,2026-10-02,21,,OUTBOUND,SCHEDULED
SHP-00002847,PRD-00011,WH-EAST,2026-06-23,38,38,OUTBOUND,COMPLETED
SHP-00002848,PRD-00123,WH-WEST,2026-10-29,32,,OUTBOUND,SCHEDULED
SHP-00002849,PRD-00122,WH-EAST,2026-04-28,11,11,OUTBOUND,COMPLETED
SHP-00002850,PRD-00160,WH-EAST,2026-05-18,39,39,OUTBOUND,COMPLETED
SHP-00002851,PRD-00109,WH-WEST,2026-09-23,27,,OUTBOUND,SCHEDULED
SHP-00002852,PRD-00131,WH-EAST,2026-08-25,26,,OUTBOUND,SCHEDULED
SHP-00002853,PRD-00035,WH-CENTRAL,2026-09-12,43,,OUTBOUND,SCHEDULED
SHP-00002854,PRD-00189,WH-EAST,2026-10-07,45,,OUTBOUND,SCHEDULED
SHP-00002855,PRD-00175,WH-WEST,2026-10-02,18,,INBOUND,SCHEDULED
SHP-00002856,PRD-00099,WH-CENTRAL,2026-07-29,42,,OUTBOUND,DELAYED
SHP-00002857,PRD-00015,WH-WEST,2026-10-25,12,,OUTBOUND,SCHEDULED
SHP-00002858,PRD-00131,WH-EAST,2026-08-29,53,,INBOUND,SCHEDULED
SHP-00002859,PRD-00176,WH-EAST,2026-05-11,23,23,OUTBOUND,COMPLETED
SHP-00002860,PRD-00100,WH-EAST,2026-07-12,21,18,INBOUND,COMPLETED
SHP-00002861,PRD-00167,WH-WEST,2026-05-22,4,4,INBOUND,COMPLETED
SHP-00002862,PRD-00039,WH-CENTRAL,2026-10-22,39,,OUTBOUND,SCHEDULED
SHP-00002863,PRD-00013,WH-EAST,2026-05-01,13,15,INBOUND,COMPLETED
SHP-00002864,PRD-00074,WH-EAST,2026-06-19,19,20,INBOUND,COMPLETED
SHP-00002865,PRD-00142,WH-EAST,2026-06-25,47,45,OUTBOUND,COMPLETED
SHP-00002866,PRD-00181,WH-WEST,2026-09-20,43,,INBOUND,SCHEDULED
SHP-00002867,PRD-00106,WH-CENTRAL,2026-10-03,20,,OUTBOUND,SCHEDULED
SHP-00002868,PRD-00056,WH-EAST,2026-04-26,15,17,OUTBOUND,COMPLETED
SHP-00002869,PRD-00110,WH-WEST,2026-05-06,39,38,OUTBOUND,COMPLETED
SHP-00002870,PRD-00187,WH-EAST,2026-05-02,31,28,OUTBOUND,COMPLETED
SHP-00002871,PRD-00126,WH-CENTRAL,2026-07-15,26,26,OUTBOUND,COMPLETED
SHP-00002872,PRD-00044,WH-CENTRAL,2026-10-23,30,,INBOUND,SCHEDULED
SHP-00002873,PRD-00099,WH-WEST,2026-09-21,43,,INBOUND,SCHEDULED
SHP-00002874,PRD-00003,WH-EAST,2026-10-12,10,,INBOUND,SCHEDULED
SHP-00002875,PRD-00183,WH-EAST,2026-05-15,17,15,OUTBOUND,COMPLETED
SHP-00002876,PRD-00174,WH-WEST,2026-06-22,12,9,INBOUND,COMPLETED
SHP-00002877,PRD-00089,WH-EAST,2026-05-16,29,29,OUTBOUND,COMPLETED
SHP-00002878,PRD-00155,WH-WEST,2026-08-30,43,,INBOUND,SCHEDULED
SHP-00002879,PRD-00168,WH-WEST,2026-07-27,3,1,OUTBOUND,COMPLETED
SHP-00002880,PRD-00178,WH-CENTRAL,2026-10-08,14,,INBOUND,SCHEDULED
SHP-00002881,PRD-00022,WH-EAST,2026-05-10,28,30,INBOUND,COMPLETED
SHP-00002882,PRD-00045,WH-EAST,2026-10-18,29,,OUTBOUND,SCHEDULED
SHP-00002883,PRD-00041,WH-EAST,2026-05-14,39,36,INBOUND,COMPLETED
SHP-00002884,PRD-00143,WH-CENTRAL,2026-08-05,23,,OUTBOUND,DELAYED
SHP-00002885,PRD-00200,WH-WEST,2026-08-07,17,,INBOUND,SCHEDULED
SHP-00002886,PRD-00182,WH-EAST,2026-09-24,29,,OUTBOUND,SCHEDULED
SHP-00002887,PRD-00136,WH-EAST,2026-04-26,40,41,INBOUND,COMPLETED
SHP-00002888,PRD-00153,WH-WEST,2026-07-21,40,40,INBOUND,COMPLETED
SHP-00002889,PRD-00076,WH-EAST,2026-09-16,46,,INBOUND,SCHEDULED
SHP-00002890,PRD-00171,WH-CENTRAL,2026-04-13,49,47,INBOUND,COMPLETED
SHP-00002891,PRD-00019,WH-WEST,2026-04-19,39,36,INBOUND,COMPLETED
SHP-00002892,PRD-00006,WH-WEST,2026-09-25,9,,OUTBOUND,SCHEDULED
SHP-00002893,PRD-00119,WH-EAST,2026-06-28,34,31,OUTBOUND,COMPLETED
SHP-00002894,PRD-00051,WH-CENTRAL,2026-06-01,48,48,OUTBOUND,COMPLETED
SHP-00002895,PRD-00022,WH-CENTRAL,2026-06-11,9,10,OUTBOUND,COMPLETED
SHP-00002896,PRD-00198,WH-CENTRAL,2026-05-25,38,36,INBOUND,COMPLETED
SHP-00002897,PRD-00102,WH-CENTRAL,2026-07-02,18,15,INBOUND,COMPLETED
SHP-00002898,PRD-00118,WH-CENTRAL,2026-10-13,29,,OUTBOUND,SCHEDULED
SHP-00002899,PRD-00113,WH-EAST,2026-04-22,46,43,OUTBOUND,COMPLETED
SHP-00002900,PRD-00187,WH-WEST,2026-04-03,47,47,INBOUND,COMPLETED
SHP-00002901,PRD-00009,WH-WEST,2026-06-16,5,7,INBOUND,COMPLETED
SHP-00002902,PRD-00053,WH-WEST,2026-10-30,38,,INBOUND,SCHEDULED
SHP-00002903,PRD-00081,WH-CENTRAL,2026-07-27,28,25,OUTBOUND,COMPLETED
SHP-00002904,PRD-00029,WH-WEST,2026-08-22,27,,INBOUND,SCHEDULED
SHP-00002905,PRD-00102,WH-WEST,2026-04-26,11,10,OUTBOUND,COMPLETED
SHP-00002906,PRD-00059,WH-CENTRAL,2026-06-27,52,54,INBOUND,COMPLETED
SHP-00002907,PRD-00001,WH-CENTRAL,2026-04-29,6,6,OUTBOUND,COMPLETED
SHP-00002908,PRD-00030,WH-CENTRAL,2026-09-06,14,,OUTBOUND,SCHEDULED
SHP-00002909,PRD-00145,WH-CENTRAL,2026-06-16,37,36,INBOUND,COMPLETED
SHP-00002910,PRD-00181,WH-EAST,2026-10-24,24,,INBOUND,SCHEDULED
SHP-00002911,PRD-00123,WH-EAST,2026-10-21,18,,OUTBOUND,SCHEDULED
SHP-00002912,PRD-00005,WH-EAST,2026-09-19,34,,OUTBOUND,SCHEDULED
SHP-00002913,PRD-00097,WH-EAST,2026-10-06,40,,OUTBOUND,SCHEDULED
SHP-00002914,PRD-00022,WH-EAST,2026-04-08,4,2,OUTBOUND,COMPLETED
SHP-00002915,PRD-00006,WH-CENTRAL,2026-08-23,34,,INBOUND,SCHEDULED
SHP-00002916,PRD-00007,WH-EAST,2026-10-21,30,,INBOUND,SCHEDULED
SHP-00002917,PRD-00152,WH-EAST,2026-09-15,38,,OUTBOUND,CANCELLED
SHP-00002918,PRD-00173,WH-WEST,2026-05-20,45,43,OUTBOUND,COMPLETED
SHP-00002919,PRD-00091,WH-EAST,2026-08-21,10,,INBOUND,SCHEDULED
SHP-00002920,PRD-00117,WH-WEST,2026-04-26,18,,INBOUND,CANCELLED
SHP-00002921,PRD-00124,WH-EAST,2026-07-13,9,10,OUTBOUND,COMPLETED
SHP-00002922,PRD-00030,WH-EAST,2026-09-30,39,,INBOUND,SCHEDULED
SHP-00002923,PRD-00141,WH-CENTRAL,2026-08-07,7,,OUTBOUND,SCHEDULED
SHP-00002924,PRD-00132,WH-WEST,2026-09-28,27,,INBOUND,SCHEDULED
SHP-00002925,PRD-00099,WH-EAST,2026-09-02,35,,INBOUND,SCHEDULED
SHP-00002926,PRD-00037,WH-WEST,2026-06-06,43,40,OUTBOUND,COMPLETED
SHP-00002927,PRD-00049,WH-CENTRAL,2026-07-10,5,5,OUTBOUND,COMPLETED
SHP-00002928,PRD-00167,WH-EAST,2026-05-21,11,13,INBOUND,COMPLETED
SHP-00002929,PRD-00084,WH-WEST,2026-06-23,14,14,INBOUND,COMPLETED
SHP-00002930,PRD-00031,WH-CENTRAL,2026-05-01,18,18,OUTBOUND,COMPLETED
SHP-00002931,PRD-00006,WH-CENTRAL,2026-09-16,20,,INBOUND,SCHEDULED
SHP-00002932,PRD-00158,WH-EAST,2026-09-21,14,,OUTBOUND,SCHEDULED
SHP-00002933,PRD-00184,WH-WEST,2026-09-12,6,,INBOUND,SCHEDULED
SHP-00002934,PRD-00070,WH-WEST,2026-08-31,53,,INBOUND,SCHEDULED
SHP-00002935,PRD-00015,WH-CENTRAL,2026-09-29,26,,OUTBOUND,SCHEDULED
SHP-00002936,PRD-00022,WH-WEST,2026-08-14,39,,OUTBOUND,SCHEDULED
SHP-00002937,PRD-00078,WH-CENTRAL,2026-06-03,39,37,OUTBOUND,COMPLETED
SHP-00002938,PRD-00056,WH-CENTRAL,2026-07-26,48,50,INBOUND,COMPLETED
SHP-00002939,PRD-00105,WH-EAST,2026-08-13,46,,INBOUND,SCHEDULED
SHP-00002940,PRD-00191,WH-WEST,2026-09-07,24,,OUTBOUND,SCHEDULED
SHP-00002941,PRD-00183,WH-EAST,2026-08-14,22,,OUTBOUND,SCHEDULED
SHP-00002942,PRD-00171,WH-EAST,2026-07-02,48,48,INBOUND,COMPLETED
SHP-00002943,PRD-00067,WH-EAST,2026-04-15,7,7,OUTBOUND,COMPLETED
SHP-00002944,PRD-00034,WH-WEST,2026-08-01,22,,INBOUND,DELAYED
SHP-00002945,PRD-00150,WH-EAST,2026-10-13,45,,OUTBOUND,SCHEDULED
SHP-00002946,PRD-00169,WH-WEST,2026-07-05,17,18,OUTBOUND,COMPLETED
SHP-00002947,PRD-00023,WH-CENTRAL,2026-06-19,19,19,OUTBOUND,COMPLETED
SHP-00002948,PRD-00185,WH-EAST,2026-09-08,22,,INBOUND,SCHEDULED
SHP-00002949,PRD-00173,WH-EAST,2026-06-16,29,27,OUTBOUND,COMPLETED
SHP-00002950,PRD-00103,WH-EAST,2026-07-20,20,20,OUTBOUND,COMPLETED
SHP-00002951,PRD-00162,WH-EAST,2026-08-01,10,7,INBOUND,COMPLETED
SHP-00002952,PRD-00160,WH-CENTRAL,2026-10-15,23,,INBOUND,SCHEDULED
SHP-00002953,PRD-00160,WH-CENTRAL,2026-09-23,43,,OUTBOUND,CANCELLED
SHP-00002954,PRD-00006,WH-CENTRAL,2026-10-18,16,,INBOUND,DELAYED
SHP-00002955,PRD-00017,WH-EAST,2026-05-09,28,25,INBOUND,COMPLETED
SHP-00002956,PRD-00034,WH-EAST,2026-07-01,24,23,OUTBOUND,COMPLETED
SHP-00002957,PRD-00183,WH-WEST,2026-06-16,46,45,OUTBOUND,COMPLETED
SHP-00002958,PRD-00063,WH-WEST,2026-04-14,31,31,OUTBOUND,COMPLETED
SHP-00002959,PRD-00052,WH-CENTRAL,2026-09-19,43,,INBOUND,SCHEDULED
SHP-00002960,PRD-00131,WH-WEST,2026-04-20,13,15,INBOUND,COMPLETED
SHP-00002961,PRD-00029,WH-CENTRAL,2026-07-11,34,34,INBOUND,COMPLETED
SHP-00002962,PRD-00135,WH-EAST,2026-09-22,44,,OUTBOUND,SCHEDULED
SHP-00002963,PRD-00171,WH-EAST,2026-04-05,38,40,OUTBOUND,COMPLETED
SHP-00002964,PRD-00180,WH-WEST,2026-08-26,26,,OUTBOUND,SCHEDULED
SHP-00002965,PRD-00171,WH-CENTRAL,2026-09-27,34,,INBOUND,SCHEDULED
SHP-00002966,PRD-00013,WH-CENTRAL,2026-07-04,19,19,INBOUND,COMPLETED
SHP-00002967,PRD-00039,WH-EAST,2026-09-05,22,,INBOUND,SCHEDULED
SHP-00002968,PRD-00191,WH-CENTRAL,2026-10-14,49,,INBOUND,SCHEDULED
SHP-00002969,PRD-00032,WH-WEST,2026-05-12,44,44,OUTBOUND,COMPLETED
SHP-00002970,PRD-00112,WH-WEST,2026-06-28,17,17,OUTBOUND,COMPLETED
SHP-00002971,PRD-00081,WH-WEST,2026-10-05,50,,INBOUND,SCHEDULED
SHP-00002972,PRD-00141,WH-WEST,2026-06-02,37,35,OUTBOUND,COMPLETED
SHP-00002973,PRD-00063,WH-WEST,2026-05-21,17,17,INBOUND,COMPLETED
SHP-00002974,PRD-00012,WH-EAST,2026-08-27,15,,OUTBOUND,DELAYED
SHP-00002975,PRD-00010,WH-EAST,2026-05-31,21,18,INBOUND,COMPLETED
SHP-00002976,PRD-00195,WH-WEST,2026-09-24,46,,INBOUND,SCHEDULED
SHP-00002977,PRD-00160,WH-CENTRAL,2026-08-06,11,,OUTBOUND,SCHEDULED
SHP-00002978,PRD-00032,WH-WEST,2026-10-14,33,,OUTBOUND,SCHEDULED
SHP-00002979,PRD-00110,WH-WEST,2026-07-18,21,21,OUTBOUND,COMPLETED
SHP-00002980,PRD-00095,WH-EAST,2026-07-14,48,49,INBOUND,COMPLETED
SHP-00002981,PRD-00111,WH-EAST,2026-05-29,9,8,OUTBOUND,COMPLETED
SHP-00002982,PRD-00090,WH-WEST,2026-05-31,28,25,INBOUND,COMPLETED
SHP-00002983,PRD-00107,WH-CENTRAL,2026-05-30,25,27,INBOUND,COMPLETED
SHP-00002984,PRD-00078,WH-CENTRAL,2026-09-18,7,,OUTBOUND,SCHEDULED
SHP-00002985,PRD-00124,WH-EAST,2026-07-11,13,15,INBOUND,COMPLETED
SHP-00002986,PRD-00172,WH-EAST,2026-05-21,29,31,OUTBOUND,COMPLETED
SHP-00002987,PRD-00150,WH-CENTRAL,2026-05-27,31,32,OUTBOUND,COMPLETED
SHP-00002988,PRD-00146,WH-WEST,2026-04-11,29,29,INBOUND,COMPLETED
SHP-00002989,PRD-00025,WH-EAST,2026-08-09,35,,INBOUND,CANCELLED
SHP-00002990,PRD-00147,WH-WEST,2026-08-23,34,,OUTBOUND,SCHEDULED
SHP-00002991,PRD-00099,WH-WEST,2026-04-06,43,42,OUTBOUND,COMPLETED
SHP-00002992,PRD-00047,WH-WEST,2026-04-11,13,13,OUTBOUND,COMPLETED
SHP-00002993,PRD-00053,WH-CENTRAL,2026-06-29,30,30,INBOUND,COMPLETED
SHP-00002994,PRD-00041,WH-EAST,2026-08-28,3,,OUTBOUND,SCHEDULED
SHP-00002995,PRD-00027,WH-EAST,2026-07-01,5,7,OUTBOUND,COMPLETED
SHP-00002996,PRD-00068,WH-EAST,2026-10-05,28,,INBOUND,SCHEDULED
SHP-00002997,PRD-00170,WH-EAST,2026-07-17,30,32,INBOUND,COMPLETED
SHP-00002998,PRD-00135,WH-CENTRAL,2026-09-09,22,,INBOUND,DELAYED
SHP-00002999,PRD-00095,WH-CENTRAL,2026-05-09,37,37,INBOUND,COMPLETED
SHP-00003000,PRD-00048,WH-WEST,2026-07-06,6,5,OUTBOUND,COMPLETED
SHP-00003001,PRD-00001,WH-EAST,2026-07-21,22,22,OUTBOUND,COMPLETED
SHP-00003002,PRD-00016,WH-WEST,2026-09-26,5,,INBOUND,SCHEDULED
SHP-00003003,PRD-00050,WH-WEST,2026-07-06,27,28,OUTBOUND,COMPLETED
SHP-00003004,PRD-00021,WH-EAST,2026-08-01,6,6,OUTBOUND,COMPLETED
SHP-00003005,PRD-00151,WH-WEST,2026-10-22,18,,INBOUND,SCHEDULED
SHP-00003006,PRD-00082,WH-EAST,2026-04-25,43,40,OUTBOUND,COMPLETED
SHP-00003007,PRD-00183,WH-EAST,2026-10-14,12,,OUTBOUND,SCHEDULED
SHP-00003008,PRD-00166,WH-CENTRAL,2026-06-19,41,43,OUTBOUND,COMPLETED
SHP-00003009,PRD-00158,WH-WEST,2026-05-16,40,40,INBOUND,COMPLETED
SHP-00003010,PRD-00158,WH-CENTRAL,2026-07-02,44,42,INBOUND,COMPLETED
SHP-00003011,PRD-00129,WH-CENTRAL,2026-07-13,47,45,OUTBOUND,COMPLETED
SHP-00003012,PRD-00074,WH-WEST,2026-06-11,32,31,OUTBOUND,COMPLETED
SHP-00003013,PRD-00040,WH-CENTRAL,2026-06-12,23,22,INBOUND,COMPLETED
SHP-00003014,PRD-00099,WH-EAST,2026-07-06,55,54,INBOUND,COMPLETED
SHP-00003015,PRD-00164,WH-WEST,2026-05-26,21,20,INBOUND,COMPLETED
SHP-00003016,PRD-00182,WH-EAST,2026-10-19,45,,OUTBOUND,DELAYED
SHP-00003017,PRD-00161,WH-CENTRAL,2026-09-10,4,,OUTBOUND,SCHEDULED
SHP-00003018,PRD-00187,WH-WEST,2026-07-18,36,33,OUTBOUND,COMPLETED
SHP-00003019,PRD-00103,WH-EAST,2026-10-22,31,,INBOUND,SCHEDULED
SHP-00003020,PRD-00181,WH-CENTRAL,2026-10-04,23,,OUTBOUND,SCHEDULED
SHP-00003021,PRD-00159,WH-CENTRAL,2026-09-18,46,,OUTBOUND,SCHEDULED
SHP-00003022,PRD-00184,WH-WEST,2026-06-19,37,39,OUTBOUND,COMPLETED
SHP-00003023,PRD-00153,WH-WEST,2026-04-22,12,11,INBOUND,COMPLETED
SHP-00003024,PRD-00118,WH-CENTRAL,2026-04-16,40,40,OUTBOUND,COMPLETED
SHP-00003025,PRD-00173,WH-WEST,2026-09-01,11,,OUTBOUND,SCHEDULED
SHP-00003026,PRD-00087,WH-CENTRAL,2026-09-26,42,,OUTBOUND,SCHEDULED
SHP-00003027,PRD-00022,WH-WEST,2026-09-10,33,,INBOUND,SCHEDULED
SHP-00003028,PRD-00015,WH-EAST,2026-08-21,5,,INBOUND,SCHEDULED
SHP-00003029,PRD-00095,WH-WEST,2026-10-21,43,,INBOUND,SCHEDULED
SHP-00003030,PRD-00089,WH-WEST,2026-04-08,42,,OUTBOUND,CANCELLED
SHP-00003031,PRD-00136,WH-EAST,2026-05-28,19,19,INBOUND,COMPLETED
SHP-00003032,PRD-00011,WH-WEST,2026-08-02,34,,INBOUND,SCHEDULED
SHP-00003033,PRD-00003,WH-WEST,2026-07-31,37,35,INBOUND,COMPLETED
SHP-00003034,PRD-00038,WH-EAST,2026-05-29,11,8,OUTBOUND,COMPLETED
SHP-00003035,PRD-00015,WH-EAST,2026-08-29,11,,INBOUND,SCHEDULED
SHP-00003036,PRD-00087,WH-WEST,2026-08-20,39,,OUTBOUND,SCHEDULED
SHP-00003037,PRD-00194,WH-CENTRAL,2026-10-13,18,,INBOUND,SCHEDULED
SHP-00003038,PRD-00009,WH-EAST,2026-07-31,7,5,OUTBOUND,COMPLETED
SHP-00003039,PRD-00155,WH-EAST,2026-09-28,7,,OUTBOUND,DELAYED
SHP-00003040,PRD-00021,WH-WEST,2026-07-05,52,54,INBOUND,COMPLETED
SHP-00003041,PRD-00064,WH-CENTRAL,2026-06-30,18,18,OUTBOUND,COMPLETED
SHP-00003042,PRD-00168,WH-WEST,2026-09-23,28,,INBOUND,SCHEDULED
SHP-00003043,PRD-00066,WH-CENTRAL,2026-05-23,21,21,OUTBOUND,COMPLETED
SHP-00003044,PRD-00182,WH-WEST,2026-04-05,12,,INBOUND,CANCELLED
SHP-00003045,PRD-00001,WH-EAST,2026-09-09,38,,INBOUND,DELAYED
SHP-00003046,PRD-00017,WH-EAST,2026-08-23,55,,INBOUND,DELAYED
SHP-00003047,PRD-00025,WH-EAST,2026-07-28,24,24,OUTBOUND,COMPLETED
SHP-00003048,PRD-00183,WH-WEST,2026-06-01,27,25,OUTBOUND,COMPLETED
SHP-00003049,PRD-00070,WH-WEST,2026-06-16,12,10,OUTBOUND,COMPLETED
SHP-00003050,PRD-00080,WH-CENTRAL,2026-10-17,20,,OUTBOUND,SCHEDULED
SHP-00003051,PRD-00123,WH-EAST,2026-08-11,28,,INBOUND,SCHEDULED
SHP-00003052,PRD-00164,WH-EAST,2026-04-13,43,44,INBOUND,COMPLETED
SHP-00003053,PRD-00153,WH-EAST,2026-08-21,8,,OUTBOUND,SCHEDULED
SHP-00003054,PRD-00194,WH-EAST,2026-10-15,5,,OUTBOUND,DELAYED
SHP-00003055,PRD-00121,WH-EAST,2026-09-18,53,,INBOUND,SCHEDULED
SHP-00003056,PRD-00120,WH-WEST,2026-08-16,45,,INBOUND,SCHEDULED
SHP-00003057,PRD-00099,WH-EAST,2026-05-26,43,40,OUTBOUND,COMPLETED
SHP-00003058,PRD-00117,WH-CENTRAL,2026-07-31,30,,INBOUND,DELAYED
SHP-00003059,PRD-00137,WH-WEST,2026-06-13,19,19,OUTBOUND,COMPLETED
SHP-00003060,PRD-00015,WH-CENTRAL,2026-06-24,5,5,OUTBOUND,COMPLETED
SHP-00003061,PRD-00076,WH-WEST,2026-04-22,40,37,OUTBOUND,COMPLETED
SHP-00003062,PRD-00168,WH-CENTRAL,2026-10-22,22,,OUTBOUND,SCHEDULED
SHP-00003063,PRD-00064,WH-WEST,2026-04-26,9,10,INBOUND,COMPLETED
SHP-00003064,PRD-00087,WH-WEST,2026-09-07,19,,INBOUND,SCHEDULED
SHP-00003065,PRD-00188,WH-EAST,2026-08-11,9,,OUTBOUND,SCHEDULED
SHP-00003066,PRD-00025,WH-CENTRAL,2026-08-28,29,,OUTBOUND,SCHEDULED
SHP-00003067,PRD-00178,WH-WEST,2026-10-19,30,,INBOUND,DELAYED
SHP-00003068,PRD-00189,WH-WEST,2026-07-11,43,41,OUTBOUND,COMPLETED
SHP-00003069,PRD-00006,WH-CENTRAL,2026-04-15,44,42,OUTBOUND,COMPLETED
SHP-00003070,PRD-00039,WH-CENTRAL,2026-08-18,42,,INBOUND,SCHEDULED
SHP-00003071,PRD-00192,WH-EAST,2026-05-01,17,16,OUTBOUND,COMPLETED
SHP-00003072,PRD-00001,WH-WEST,2026-05-28,8,8,OUTBOUND,COMPLETED
SHP-00003073,PRD-00065,WH-CENTRAL,2026-04-07,37,37,OUTBOUND,COMPLETED
SHP-00003074,PRD-00047,WH-CENTRAL,2026-10-11,45,,INBOUND,SCHEDULED
SHP-00003075,PRD-00018,WH-CENTRAL,2026-09-19,20,,OUTBOUND,SCHEDULED
SHP-00003076,PRD-00125,WH-EAST,2026-05-21,14,14,INBOUND,COMPLETED
SHP-00003077,PRD-00005,WH-CENTRAL,2026-10-15,54,,INBOUND,SCHEDULED
SHP-00003078,PRD-00189,WH-WEST,2026-09-14,51,,INBOUND,SCHEDULED
SHP-00003079,PRD-00128,WH-WEST,2026-09-16,20,,INBOUND,SCHEDULED
SHP-00003080,PRD-00047,WH-EAST,2026-04-04,15,14,OUTBOUND,COMPLETED
SHP-00003081,PRD-00042,WH-WEST,2026-06-11,31,31,OUTBOUND,COMPLETED
SHP-00003082,PRD-00191,WH-WEST,2026-04-07,31,32,OUTBOUND,COMPLETED
SHP-00003083,PRD-00007,WH-EAST,2026-10-15,27,,OUTBOUND,SCHEDULED
SHP-00003084,PRD-00062,WH-CENTRAL,2026-09-21,29,,INBOUND,SCHEDULED
SHP-00003085,PRD-00009,WH-WEST,2026-04-04,8,9,OUTBOUND,COMPLETED
SHP-00003086,PRD-00064,WH-WEST,2026-05-17,19,19,INBOUND,COMPLETED
SHP-00003087,PRD-00133,WH-WEST,2026-05-31,28,28,INBOUND,COMPLETED
SHP-00003088,PRD-00190,WH-WEST,2026-07-30,20,20,OUTBOUND,COMPLETED
SHP-00003089,PRD-00183,WH-EAST,2026-08-05,5,,INBOUND,SCHEDULED
SHP-00003090,PRD-00028,WH-EAST,2026-05-02,10,10,INBOUND,COMPLETED
SHP-00003091,PRD-00133,WH-EAST,2026-08-10,17,,INBOUND,SCHEDULED
SHP-00003092,PRD-00007,WH-WEST,2026-08-23,30,,OUTBOUND,DELAYED
SHP-00003093,PRD-00046,WH-WEST,2026-06-26,4,6,INBOUND,COMPLETED
SHP-00003094,PRD-00191,WH-CENTRAL,2026-09-10,46,,INBOUND,SCHEDULED
SHP-00003095,PRD-00162,WH-CENTRAL,2026-09-01,12,,OUTBOUND,SCHEDULED
SHP-00003096,PRD-00093,WH-EAST,2026-06-27,46,48,INBOUND,COMPLETED
SHP-00003097,PRD-00103,WH-CENTRAL,2026-09-27,34,,OUTBOUND,SCHEDULED
SHP-00003098,PRD-00026,WH-EAST,2026-07-23,15,,INBOUND,CANCELLED
SHP-00003099,PRD-00197,WH-EAST,2026-06-23,31,29,INBOUND,COMPLETED
SHP-00003100,PRD-00192,WH-WEST,2026-06-07,6,6,OUTBOUND,COMPLETED
SHP-00003101,PRD-00126,WH-EAST,2026-07-02,8,9,OUTBOUND,COMPLETED
SHP-00003102,PRD-00136,WH-WEST,2026-05-30,48,48,OUTBOUND,COMPLETED
SHP-00003103,PRD-00181,WH-CENTRAL,2026-06-14,33,33,INBOUND,COMPLETED
SHP-00003104,PRD-00115,WH-WEST,2026-10-26,47,,INBOUND,SCHEDULED
SHP-00003105,PRD-00128,WH-EAST,2026-04-10,53,53,INBOUND,COMPLETED
SHP-00003106,PRD-00110,WH-CENTRAL,2026-08-22,39,,INBOUND,SCHEDULED
SHP-00003107,PRD-00195,WH-CENTRAL,2026-05-23,8,10,OUTBOUND,COMPLETED
SHP-00003108,PRD-00122,WH-CENTRAL,2026-06-17,28,28,INBOUND,COMPLETED
SHP-00003109,PRD-00186,WH-EAST,2026-07-30,3,4,OUTBOUND,COMPLETED
SHP-00003110,PRD-00191,WH-WEST,2026-08-05,44,,INBOUND,SCHEDULED
SHP-00003111,PRD-00181,WH-WEST,2026-06-10,26,26,INBOUND,COMPLETED
SHP-00003112,PRD-00122,WH-WEST,2026-07-24,7,9,INBOUND,COMPLETED
SHP-00003113,PRD-00199,WH-WEST,2026-10-25,17,,OUTBOUND,SCHEDULED
SHP-00003114,PRD-00032,WH-EAST,2026-07-29,43,43,INBOUND,COMPLETED
SHP-00003115,PRD-00171,WH-CENTRAL,2026-07-16,22,24,OUTBOUND,COMPLETED
SHP-00003116,PRD-00039,WH-CENTRAL,2026-05-01,41,42,INBOUND,COMPLETED
SHP-00003117,PRD-00068,WH-EAST,2026-10-21,39,,INBOUND,SCHEDULED
SHP-00003118,PRD-00193,WH-CENTRAL,2026-09-29,29,,INBOUND,SCHEDULED
SHP-00003119,PRD-00152,WH-CENTRAL,2026-10-10,21,,OUTBOUND,SCHEDULED
SHP-00003120,PRD-00055,WH-CENTRAL,2026-05-10,27,24,OUTBOUND,COMPLETED
SHP-00003121,PRD-00063,WH-WEST,2026-09-28,37,,OUTBOUND,SCHEDULED
SHP-00003122,PRD-00139,WH-EAST,2026-10-10,25,,OUTBOUND,SCHEDULED
SHP-00003123,PRD-00040,WH-WEST,2026-08-11,42,,OUTBOUND,SCHEDULED
SHP-00003124,PRD-00070,WH-WEST,2026-10-13,7,,OUTBOUND,SCHEDULED
SHP-00003125,PRD-00071,WH-CENTRAL,2026-10-13,43,,OUTBOUND,SCHEDULED
